GEOID20,NAME,STATE,COUNTY,STATEFP,COUNTYFP,C_TOT23,CTOTMOE,C_NHS23,CNHSMOE,C_AMI23,CAMIMOE,C_ASI23,CASIMOE,C_BLA23,CBLAMOE,C_NHP23,CNHPMOE,C_WHT23,CWHTMOE,C_AIW23,CAIWMOE,C_ASW23,CASWMOE,C_BLW23,CBLWMOE,C_AIB23,CAIBMOE,C_2OM23,C2OMMOE,C_HSP23,CHSPMOE,C_AIA23,CAIAMOE,C_ASN23,CASNMOE,C_BLK23,CBLKMOE,CVAP_TOT23,CVAPTOTMOE,CVAP_NHS23,CVAPNHSMOE,CVAP_AMI23,CVAPAMIMOE,CVAP_ASI23,CVAPASIMOE,CVAP_BLA23,CVAPBLAMOE,CVAP_NHP23,CVAPNHPMOE,CVAP_WHT23,CVAPWHTMOE,CVAP_AIW23,CVAPAIWMOE,CVAP_ASW23,CVAPASWMOE,CVAP_BLW23,CVAPBLWMOE,CVAP_AIB23,CVAPAIBMOE,CVAP_2OM23,CVAP2OMMOE,CVAP_HSP23,CVAPHSPMOE,CVAP_AIA23,CVAPAIAMOE,CVAP_ASN23,CVAPASNMOE,CVAP_BLK23,CVAPBLKMOE,ALL_TOT23,ALLTOTMOE,ALL_NHS23,ALLNHSMOE,ALL_AMI23,ALLAMIMOE,ALL_ASI23,ALLASIMOE,ALL_BLA23,ALLBLAMOE,ALL_NHP23,ALLNHPMOE,ALL_WHT23,ALLWHTMOE,ALL_AIW23,ALLAIWMOE,ALL_ASW23,ALLASWMOE,ALL_BLW23,ALLBLWMOE,ALL_AIB23,ALLAIBMOE,ALL_2OM23,ALL2OMMOE,ALL_HSP23,ALLHSPMOE,ALL_AIA23,ALLAIAMOE,ALL_ASN23,ALLASNMOE,ALL_BLK23,ALLBLKMOE,VAP_TOT23,VAPTOTMOE,VAP_NHS23,VAPNHSMOE,VAP_AMI23,VAPAMIMOE,VAP_ASI23,VAPASIMOE,VAP_BLA23,VAPBLAMOE,VAP_NHP23,VAPNHPMOE,VAP_WHT23,VAPWHTMOE,VAP_AIW23,VAPAIWMOE,VAP_ASW23,VAPASWMOE,VAP_BLW23,VAPBLWMOE,VAP_AIB23,VAPAIBMOE,VAP_2OM23,VAP2OMMOE,VAP_HSP23,VAPHSPMOE,VAP_AIA23,VAPAIAMOE,VAP_ASN23,VAPASNMOE,VAP_BLK23,VAPBLKMOE
51001,"Accomack County, Virginia",Virginia,Accomack County,51,001,31095,417,28895,302,35,41,190,56,8565,291,0,28,19350,256,210,41,35,52,500,219,10,15,4,28,2195,279,255,59.89,225,76.42,9075,364.51,24330,398,23445,289,35,41,150,34,6505,242,0,28,16430,255,165,40,10,23,130,111,10,15,4,28,890,258,210,59.21,160,41.05,6645,266.66,33325,0,29800,0,35,41,285,52,9050,218,0,28,19675,28,210,41,35,52,500,219,10,15,4,28,3530,0,255,59.89,320,73.54,9560,309.37,26400,43,24295,40,35,41,245,47,6945,114,0,28,16750,28,165,40,10,23,130,111,10,15,4,28,2105,0,210,59.21,255,52.33,7085,159.82
51003,"Albemarle County, Virginia",Virginia,Albemarle County,51,003,107155,799,101715,549,60,33,4275,480,10080,378,35,50,84115,347,395,34,1120,301,1405,346,20,18,215,112,5440,568,475,50.69,5395,566.57,11505,512.76,85550,628,82285,441,40,26,3455,415,7965,245,35,50,69105,289,330,27,560,209,610,199,20,18,170,94,3265,396,390,41.58,4015,464.66,8595,316.15,113685,0,105335,0,60,33,6390,331,10385,354,35,50,85250,31,395,34,1155,316,1410,346,20,18,245,116,8350,0,475,50.69,7545,457.62,11815,495.33,91250,0,85565,0,40,26,5365,249,8205,217,35,50,70165,31,330,27,595,237,615,198,20,18,200,106,5685,0,390,41.58,5960,343.76,8840,294.31
51005,"Alleghany County, Virginia",Virginia,Alleghany County,51,005,14865,36,14715,25,0,21,0,21,820,144,0,21,13680,10,15,27,110,109,95,78,0,21,0,21,155,30,15,40.14,110,111.0,915,165.11,12135,36,12050,25,0,21,0,21,550,112,0,21,11325,11,15,27,110,109,50,44,0,21,0,21,85,31,15,40.14,110,111.0,600,122.15,14960,0,14735,0,0,21,10,17,830,144,0,21,13685,21,15,27,110,109,95,78,0,21,0,21,225,0,15,40.14,120,110.32,925,165.11,12230,0,12070,0,0,21,10,17,555,114,0,21,11330,21,15,27,110,109,50,44,0,21,0,21,155,0,15,40.14,120,110.32,605,123.99
51007,"Amelia County, Virginia",Virginia,Amelia County,51,007,13190,206,13090,227,0,21,4,11,2710,375,0,21,9885,21,180,126,10,22,305,314,0,21,0,21,100,110,180,129.45,14,24.6,3015,489.55,10420,206,10355,225,0,21,4,11,2320,249,0,21,7845,21,180,126,10,22,0,21,0,21,0,21,65,70,180,129.45,14,24.6,2320,250.76,13340,0,13090,227,0,21,4,11,2710,375,0,21,9885,21,180,126,10,22,305,314,0,21,0,21,250,227,180,129.45,14,24.6,3015,489.55,10575,0,10355,225,0,21,4,11,2320,249,0,21,7845,21,180,126,10,22,0,21,0,21,0,21,220,224,180,129.45,14,24.6,2320,250.76
51009,"Amherst County, Virginia",Virginia,Amherst County,51,009,31200,145,30425,52,200,60,180,79,5665,167,20,20,23515,31,170,61,85,64,470,144,50,46,70,50,775,132,420,97.14,265,101.67,6185,225.26,24980,116,24450,57,190,63,100,66,4630,100,20,20,19045,31,145,65,65,45,145,77,50,46,60,47,525,97,385,101.54,165,79.88,4825,134.33,31385,0,30495,0,200,60,220,63,5665,167,20,20,23540,28,170,61,85,64,470,144,50,46,70,50,890,0,420,97.14,305,89.81,6185,225.26,25130,30,24520,30,190,63,145,47,4630,100,20,20,19075,28,145,65,65,45,145,77,50,46,60,47,610,0,385,101.54,210,65.07,4825,134.33
51011,"Appomattox County, Virginia",Virginia,Appomattox County,51,011,16275,108,16050,14,4,7,25,37,2985,184,0,21,12625,16,90,21,15,21,255,150,0,21,55,84,225,107,94,30.51,40,42.54,3240,238.32,12685,107,12570,23,4,7,20,34,2285,108,0,21,10050,11,60,19,0,21,115,75,0,21,45,61,115,109,64,29.17,20,39.96,2400,133.15,16425,0,16055,0,4,7,25,37,2985,184,0,21,12630,21,90,21,15,21,255,150,0,21,55,84,370,0,94,30.51,40,42.54,3240,238.32,12835,19,12575,22,4,7,20,34,2285,108,0,21,10060,21,60,19,0,21,115,75,0,21,45,61,255,0,64,29.17,20,39.96,2400,133.15
51013,"Arlington County, Virginia",Virginia,Arlington County,51,013,210440,1670,182765,1196,340,116,17015,795,20115,601,55,56,136410,701,810,117,4850,506,1945,429,185,113,1035,266,27675,974,1335,199.78,21865,942.37,22245,747.0,169800,1444,150320,1054,225,81,14080,684,15985,478,55,56,114350,626,735,82,2775,406,1205,333,175,112,735,215,19480,903,1135,160.71,16855,795.42,17365,593.23,235465,0,198410,0,340,116,24780,587,22230,451,55,56,141950,31,810,117,4990,523,1990,437,185,113,1080,282,37055,0,1335,199.78,29770,786.19,24405,638.07,192710,0,164580,0,225,81,21170,474,17875,357,55,56,119410,31,735,82,2910,428,1245,343,175,112,780,227,28130,0,1135,160.71,24080,638.64,19295,507.58
51015,"Augusta County, Virginia",Virginia,Augusta County,51,015,76385,320,74255,205,125,102,280,191,3190,330,80,66,69185,102,280,102,305,133,690,268,0,31,125,114,2130,242,405,147.54,585,232.74,3880,426.25,61915,298,60730,165,125,102,215,145,2700,263,80,66,56815,90,205,102,165,83,385,220,0,31,35,41,1185,243,330,147.54,380,167.07,3085,344.28,77715,0,74780,0,125,102,315,207,3395,303,80,66,69365,31,280,102,405,208,690,268,0,31,125,114,2930,0,405,147.54,720,293.45,4085,405.7,63185,0,61200,0,125,102,255,159,2870,239,80,66,56980,31,205,102,265,159,385,220,0,31,35,41,1985,0,330,147.54,520,224.86,3255,326.32
51017,"Bath County, Virginia",Virginia,Bath County,51,017,4095,34,3960,109,15,22,20,30,155,57,0,13,3750,122,0,13,10,17,0,13,0,13,15,30,135,105,15,28.67,30,34.48,155,59.89,3390,165,3310,175,15,22,20,30,155,57,0,13,3100,177,0,13,10,17,0,13,0,13,15,30,75,58,15,28.67,30,34.48,155,59.89,4125,0,3970,112,15,22,20,30,155,57,0,13,3760,126,0,13,10,17,0,13,0,13,15,30,155,112,15,28.67,30,34.48,155,59.89,3415,161,3320,178,15,22,20,30,155,57,0,13,3110,179,0,13,10,17,0,13,0,13,15,30,95,67,15,28.67,30,34.48,155,59.89
51019,"Bedford County, Virginia",Virginia,Bedford County,51,019,79250,229,77460,179,85,56,560,171,4860,315,0,31,69595,124,400,51,340,155,1320,255,0,31,300,168,1790,164,485,81.84,900,230.79,6180,406.46,63570,218,62445,162,60,39,440,143,4210,229,0,31,56630,124,330,39,165,94,415,196,0,31,190,91,1125,154,390,63.27,605,171.13,4625,303.01,80255,0,78080,0,85,56,900,162,4875,315,0,31,69850,31,415,56,340,155,1320,255,0,31,300,168,2175,0,500,85.05,1240,224.21,6195,406.46,64520,0,63025,0,60,39,740,103,4225,226,0,31,56885,31,345,40,165,94,415,196,0,31,190,91,1495,0,405,63.89,905,139.45,4640,300.75
51021,"Bland County, Virginia",Virginia,Bland County,51,021,6210,3,6170,36,4,8,15,21,290,67,0,19,5780,7,30,33,20,26,25,30,0,19,4,5,40,36,34,38.91,35,33.42,315,75.83,5330,30,5290,45,4,8,15,21,290,67,0,19,4930,7,25,27,15,23,10,15,0,19,4,5,40,36,29,33.97,30,31.14,300,71.24,6210,0,6170,36,4,8,15,21,290,67,0,19,5780,19,30,33,20,26,25,30,0,19,4,5,40,36,34,38.91,35,33.42,315,75.83,5330,32,5290,45,4,8,15,21,290,67,0,19,4930,19,25,27,15,23,10,15,0,19,4,5,40,36,29,33.97,30,31.14,300,71.24
51023,"Botetourt County, Virginia",Virginia,Botetourt County,51,023,33740,104,33040,31,40,24,180,52,845,126,85,106,31120,15,165,25,205,50,325,116,4,4,75,68,700,99,209,34.89,385,72.14,1174,171.31,27400,99,26940,40,40,24,180,52,800,104,85,106,25465,16,140,37,75,47,110,88,4,4,45,46,460,85,184,44.28,255,70.09,914,136.29,33875,0,33070,0,40,24,200,46,850,128,85,106,31130,28,165,25,205,50,325,116,4,4,75,68,805,0,209,34.89,405,67.94,1179,172.79,27520,26,26970,26,40,24,200,46,800,104,85,106,25480,28,140,37,75,47,110,88,4,4,45,46,550,0,184,44.28,275,65.76,914,136.29
51025,"Brunswick County, Virginia",Virginia,Brunswick County,51,025,15535,116,15345,84,20,27,45,54,8400,199,0,21,6505,14,65,26,10,19,170,112,115,83,10,20,190,93,200,91.07,55,57.25,8685,242.97,13055,108,12890,85,10,12,35,45,6950,150,0,21,5615,14,65,27,10,19,85,59,110,81,10,20,165,89,185,86.22,45,48.85,7145,180.39,15870,0,15435,0,20,27,75,82,8455,185,0,21,6505,21,65,26,15,21,170,112,115,83,10,20,435,0,200,91.07,90,84.65,8740,231.64,13390,36,12980,17,10,12,60,67,7005,137,0,21,5615,21,65,27,15,21,85,59,110,81,10,20,410,32,185,86.22,75,70.21,7200,169.74
51027,"Buchanan County, Virginia",Virginia,Buchanan County,51,027,19760,51,19575,38,0,21,45,37,400,85,0,21,19000,108,10,13,15,23,10,22,65,54,40,50,180,27,75,59.38,60,43.57,475,103.08,16395,52,16265,39,0,21,45,37,380,79,0,21,15710,108,10,13,4,5,10,22,65,54,40,50,130,38,75,59.38,49,37.34,455,98.19,19855,0,19655,0,0,21,50,36,470,87,0,21,19000,107,10,13,15,23,10,22,65,54,40,50,200,0,75,59.38,65,42.72,545,104.73,16465,33,16315,0,0,21,50,36,425,84,0,21,15710,108,10,13,4,5,10,22,65,54,40,50,150,33,75,59.38,54,36.35,500,102.25
51029,"Buckingham County, Virginia",Virginia,Buckingham County,51,029,16720,70,16420,52,10,14,35,46,5410,191,0,21,10395,30,105,14,55,51,410,162,0,21,4,19,300,42,115,28.86,90,68.68,5820,251.33,13700,91,13550,33,10,14,35,46,4625,118,0,21,8540,29,100,17,30,34,210,106,0,21,0,21,145,86,110,30.43,65,57.2,4835,160.0,16915,0,16480,0,10,14,35,46,5435,177,0,21,10430,21,105,14,55,51,410,162,0,21,4,19,435,0,115,28.86,90,68.68,5845,240.86,13855,80,13595,13,10,14,35,46,4630,117,0,21,8575,21,100,17,30,34,210,106,0,21,0,21,260,80,110,30.43,65,57.2,4840,159.27
51031,"Campbell County, Virginia",Virginia,Campbell County,51,031,54300,382,52970,361,75,85,515,153,7525,439,35,39,43280,49,255,84,170,122,1020,242,0,31,95,76,1330,174,330,123.46,685,195.69,8545,502.24,43520,357,42755,343,30,29,395,86,6150,369,35,39,35255,48,180,61,170,122,485,166,0,31,55,50,765,174,210,74.32,565,149.26,6635,405.81,55400,0,53535,0,75,85,595,128,7970,262,35,39,43320,31,255,84,170,122,1020,242,0,31,95,76,1860,0,330,123.46,765,176.83,8990,358.01,44515,113,43215,113,30,29,470,84,6490,171,35,39,35295,31,180,61,170,122,485,166,0,31,55,50,1300,0,210,74.32,640,148.12,6975,240.33
51033,"Caroline County, Virginia",Virginia,Caroline County,51,033,30865,230,29200,78,115,71,340,95,7645,356,0,28,19585,13,185,72,95,97,845,303,275,249,115,147,1660,233,575,268.75,435,135.77,8765,529.67,23750,222,22770,69,100,62,255,65,6310,227,0,28,15315,16,140,66,30,51,355,193,200,179,60,70,980,214,440,200.6,285,82.62,6865,347.59,31540,0,29320,0,120,74,390,102,7700,352,0,28,19595,28,185,72,95,97,845,303,275,249,115,147,2220,0,580,269.56,485,140.76,8820,526.99,24355,57,22890,55,110,62,305,71,6360,225,0,28,15330,28,140,66,30,51,355,193,200,179,60,70,1465,0,450,200.6,335,87.42,6915,346.29
51035,"Carroll County, Virginia",Virginia,Carroll County,51,035,28770,124,27940,104,20,22,45,48,90,58,25,36,27335,25,120,22,15,19,255,101,30,50,15,22,830,95,170,58.89,60,51.62,375,126.75,23570,123,23115,105,20,22,35,39,90,57,0,25,22715,25,90,21,10,17,115,86,30,50,15,22,455,95,140,58.52,45,42.54,235,114.65,29160,0,28030,0,20,22,45,48,95,60,25,36,27335,25,120,22,15,19,335,100,30,50,15,23,1130,0,170,58.89,60,51.62,460,126.89,23950,11,23200,14,20,22,35,39,90,57,0,25,22715,25,90,21,10,17,195,89,30,50,15,22,750,0,140,58.52,45,42.54,315,116.92
51036,"Charles City County, Virginia",Virginia,Charles City County,51,036,6605,38,6500,30,385,35,75,30,2715,109,0,19,2955,11,105,32,0,19,115,57,105,65,45,30,105,28,595,80.46,75,35.51,2935,139.12,5630,41,5560,26,355,31,75,30,2360,84,0,19,2525,10,75,31,0,19,75,36,85,63,4,16,75,28,515,76.75,75,35.51,2520,111.0,6685,0,6555,0,385,35,80,31,2720,107,0,19,2965,19,105,32,0,19,115,57,105,65,80,37,135,0,595,80.46,80,36.36,2940,137.56,5715,0,5610,0,355,31,80,31,2360,87,0,19,2535,19,75,31,0,19,75,36,85,63,45,24,100,0,515,76.75,80,36.36,2520,113.29
51037,"Charlotte County, Virginia",Virginia,Charlotte County,51,037,11455,18,11180,17,0,21,10,13,2925,114,0,21,7860,21,85,21,4,18,285,113,4,7,4,7,275,7,89,30.51,14,22.2,3214,160.67,8875,46,8825,13,0,21,4,12,2490,45,0,21,6205,21,85,14,4,18,35,42,4,7,4,7,50,45,89,26.19,8,21.63,2529,61.95,11475,0,11195,0,0,21,20,24,2930,112,0,21,7860,21,85,21,4,18,285,113,4,7,4,7,280,0,89,30.51,24,30.0,3219,159.25,8890,46,8830,12,0,21,10,13,2490,44,0,21,6205,21,85,14,4,18,35,42,4,7,4,7,60,45,89,26.19,14,22.2,2529,61.23
51041,"Chesterfield County, Virginia",Virginia,Chesterfield County,51,041,353680,1556,323650,955,235,97,10870,703,85670,1145,270,36,214040,623,1580,95,2955,543,5785,935,780,334,1460,362,30030,1191,2595,360.54,13825,888.29,92235,1515.52,267290,1345,250265,875,205,89,8440,472,66030,749,200,33,168775,589,1260,89,1615,312,2120,498,700,315,920,228,17025,982,2165,339.22,10055,565.8,68850,953.01,371610,0,329210,0,235,97,13140,544,86790,999,280,32,216170,31,1580,95,2965,540,5810,931,780,334,1460,362,42400,0,2595,360.54,16105,766.51,93380,1405.82,283090,3,255460,7,205,89,10545,313,67085,552,205,28,170770,31,1260,89,1625,314,2145,490,700,315,920,228,27630,0,2165,339.22,12170,443.36,69930,802.51
51043,"Clarke County, Virginia",Virginia,Clarke County,51,043,14625,169,13850,101,40,45,100,50,740,101,0,21,12680,85,85,47,80,59,110,100,0,21,20,27,775,121,125,68.37,180,77.34,850,143.67,11840,139,11360,75,20,24,100,50,575,70,0,21,10435,42,75,45,80,59,55,69,0,21,20,27,485,104,95,55.15,180,77.34,630,100.51,15060,0,13995,0,40,45,170,69,740,101,0,21,12760,21,85,47,80,59,110,100,0,21,20,27,1065,0,125,68.37,250,90.79,850,143.67,12200,28,11475,28,20,24,170,69,575,70,0,21,10485,21,75,45,80,59,55,69,0,21,20,27,725,0,95,55.15,250,90.79,630,100.51
51045,"Craig County, Virginia",Virginia,Craig County,51,045,4880,13,4845,46,0,13,0,13,4,13,0,13,4725,123,35,40,0,13,40,58,0,13,40,68,40,47,35,44.02,0,18.38,44,60.84,3660,173,3620,175,0,13,0,13,4,13,0,13,3540,196,35,40,0,13,4,5,0,13,40,68,40,47,35,44.02,0,18.38,8,19.05,4880,0,4845,46,0,13,0,13,4,13,0,13,4725,123,35,40,0,13,40,58,0,13,40,68,40,47,35,44.02,0,18.38,44,60.84,3660,173,3620,175,0,13,0,13,4,13,0,13,3540,196,35,40,0,13,4,5,0,13,40,68,40,47,35,44.02,0,18.38,8,19.05
51047,"Culpeper County, Virginia",Virginia,Culpeper County,51,047,50435,586,45375,168,140,73,595,271,6920,330,30,45,35790,137,175,75,640,281,920,313,10,14,160,142,5060,559,325,105.59,1235,390.39,7850,455.04,37605,410,35140,169,95,58,540,208,5555,146,30,45,28115,100,150,59,335,300,240,106,10,14,70,59,2470,393,255,83.91,875,365.05,5805,180.96,53565,0,45650,0,140,73,620,280,6995,357,30,45,35965,31,175,75,640,281,920,313,10,14,160,142,7910,0,325,105.59,1260,396.69,7925,474.99,40160,118,35345,120,95,58,565,215,5610,137,30,45,28240,31,150,59,335,300,240,106,10,14,70,59,4815,0,255,83.91,900,369.09,5860,173.78
51049,"Cumberland County, Virginia",Virginia,Cumberland County,51,049,9695,70,9520,163,4,7,0,19,2755,185,10,16,6235,19,90,11,0,19,380,179,50,80,0,19,170,146,144,81.06,0,26.87,3185,269.57,7820,34,7755,69,4,7,0,19,2460,99,10,16,5120,19,90,11,0,19,25,30,50,80,0,19,65,58,144,81.06,0,26.87,2535,130.77,9745,0,9575,146,4,7,0,19,2805,184,10,16,6235,19,90,11,0,19,380,179,50,80,0,19,170,146,144,81.06,0,26.87,3235,268.88,7850,3,7785,59,4,7,0,19,2490,100,10,16,5120,19,90,11,0,19,25,30,50,80,0,19,65,58,144,81.06,0,26.87,2565,131.53
51051,"Dickenson County, Virginia",Virginia,Dickenson County,51,051,13895,31,13800,30,20,16,30,43,125,49,0,21,13585,21,35,16,0,21,4,14,0,21,0,21,95,13,55,30.87,30,47.85,129,55.12,11210,37,11155,32,20,16,25,34,110,44,0,21,10970,21,25,18,0,21,4,14,0,21,0,21,60,18,45,31.95,25,39.96,114,50.72,13920,0,13820,0,20,16,30,43,140,45,0,21,13585,21,35,16,0,21,4,14,0,21,0,21,100,0,55,30.87,30,47.85,144,51.59,11235,28,11170,23,20,16,25,34,130,41,0,21,10970,21,25,18,0,21,4,14,0,21,0,21,65,18,45,31.95,25,39.96,134,48.15
51053,"Dinwiddie County, Virginia",Virginia,Dinwiddie County,51,053,27635,202,26790,96,4,18,170,67,8780,121,0,25,17435,92,35,33,160,70,175,124,20,28,10,17,845,172,59,46.87,330,96.9,8975,175.5,21980,235,21470,103,4,18,165,67,7150,67,0,25,13980,90,35,33,90,73,20,29,20,28,4,1,510,216,59,46.87,255,99.09,7190,78.19,28085,0,26915,0,4,18,175,69,8800,136,0,25,17530,25,35,33,160,70,175,124,20,28,10,17,1170,0,59,46.87,335,98.29,8995,186.16,22430,196,21590,33,4,18,170,68,7170,54,0,25,14075,25,35,33,90,73,20,29,20,28,4,1,835,193,59,46.87,260,99.76,7210,67.39
51057,"Essex County, Virginia",Virginia,Essex County,51,057,10395,154,9965,158,15,25,25,33,3815,181,10,18,5780,9,100,24,85,57,130,90,4,4,4,17,430,38,119,34.89,110,65.86,3949,202.18,8595,67,8305,56,4,7,20,29,3080,82,10,18,4960,9,100,26,30,24,95,69,4,4,4,17,290,48,108,27.22,50,37.64,3179,107.24,10605,0,10145,0,15,25,55,58,3960,92,10,18,5780,21,100,24,85,57,130,90,4,4,4,17,460,0,119,34.89,140,81.32,4094,128.76,8700,45,8380,37,4,7,45,45,3130,75,10,18,4960,21,100,26,30,24,95,69,4,4,4,17,320,24,108,27.22,75,51.0,3229,101.99
51059,"Fairfax County, Virginia",Virginia,Fairfax County,51,059,1005765,3836,864660,3035,1125,232,176615,2701,102185,1764,480,84,538735,1794,3430,233,25130,1691,11185,1160,710,414,5065,726,141110,3000,5265,528.69,201745,3186.67,114080,2151.44,757185,3378,669910,2486,930,230,136900,2037,77830,1207,375,72,429725,1321,2695,231,12495,1156,5390,685,605,400,2965,501,87275,2560,4230,516.0,149395,2342.16,83825,1444.32,1144475,0,945320,0,1145,235,228365,1845,111775,1287,515,106,555885,31,3440,234,26385,1735,11590,1158,735,415,5490,796,199155,0,5320,531.23,254750,2532.64,124100,1780.33,879685,0,740790,0,950,233,183130,1277,86120,822,410,74,444280,31,2705,233,13435,1191,5760,725,630,401,3365,608,138895,0,4285,519.02,196565,1746.2,92510,1167.09
51061,"Fauquier County, Virginia",Virginia,Fauquier County,51,061,70865,648,64760,210,30,25,1130,167,4620,335,20,32,56255,158,420,30,385,126,1200,283,225,164,480,234,6105,643,675,168.59,1515,209.2,6045,468.2,54135,484,50430,204,30,25,920,150,3800,249,20,32,44270,157,305,42,160,107,505,168,225,164,195,115,3705,450,560,171.13,1080,184.25,4530,342.23,73935,0,65310,0,30,25,1310,148,4690,337,20,32,56545,31,425,26,390,126,1200,283,225,164,480,234,8625,0,680,167.92,1700,194.37,6115,469.63,56620,42,50975,39,30,25,1100,127,3870,244,20,32,44555,31,310,45,160,107,505,168,225,164,195,115,5645,0,565,171.89,1260,166.07,4600,338.61
51063,"Floyd County, Virginia",Virginia,Floyd County,51,063,15385,136,14985,102,0,21,65,30,435,33,0,21,14325,102,90,21,50,30,20,32,0,21,10,13,400,89,90,36.37,115,42.43,455,50.54,12500,161,12280,110,0,21,60,33,415,58,0,21,11685,103,55,26,40,24,20,32,0,21,10,13,220,114,55,39.47,100,40.8,435,69.49,15560,0,15090,0,0,21,65,30,435,33,0,21,14425,21,90,21,50,30,20,32,0,21,10,13,470,0,90,36.37,115,42.43,455,50.54,12675,110,12380,50,0,21,60,33,415,58,0,21,11785,21,55,26,40,24,20,32,0,21,10,13,295,87,55,39.47,100,40.8,435,69.49
51065,"Fluvanna County, Virginia",Virginia,Fluvanna County,51,065,27580,113,26400,112,45,37,190,72,3690,308,0,25,21280,113,260,130,150,70,730,216,0,25,60,86,1180,25,305,137.46,340,100.42,4420,377.02,22085,117,21315,114,45,37,125,54,3285,183,0,25,17405,112,235,121,75,44,110,92,0,25,35,53,770,26,280,128.98,200,69.66,3395,206.34,27765,0,26550,0,45,37,240,70,3690,308,0,25,21380,25,260,130,150,70,730,216,0,25,60,86,1210,0,305,137.46,390,98.99,4420,377.02,22270,28,21465,30,45,37,180,53,3285,183,0,25,17510,25,235,121,75,44,110,92,0,25,35,53,805,0,280,128.98,255,68.88,3395,206.34
51067,"Franklin County, Virginia",Virginia,Franklin County,51,067,54320,159,52845,77,15,23,370,41,4255,192,4,10,47245,74,255,26,35,34,455,206,100,68,105,93,1475,132,370,76.35,405,53.26,4810,289.7,43970,156,43160,92,15,20,260,45,3475,101,4,10,38955,73,155,49,35,34,115,91,100,68,45,44,810,124,270,86.17,295,56.4,3690,152.01,54960,0,52975,0,15,23,385,35,4255,192,4,10,47360,31,255,26,35,34,455,206,100,68,105,93,1980,0,370,76.35,420,48.8,4810,289.7,44585,65,43295,62,15,20,275,47,3475,101,4,10,39070,31,155,49,35,34,115,91,100,68,45,44,1295,0,270,86.17,310,58.01,3690,152.01
51069,"Frederick County, Virginia",Virginia,Frederick County,51,069,89095,675,81640,293,55,37,1550,164,3875,327,95,99,73630,249,400,37,450,134,1390,328,10,18,180,125,7455,568,465,55.34,2000,211.78,5275,463.51,68025,638,64280,288,40,29,1220,148,3270,202,75,72,58715,248,320,27,155,97,390,172,0,31,95,107,3740,529,360,50.31,1375,176.95,3660,267.11,93355,0,82405,0,55,37,1755,146,3945,329,95,99,74095,31,400,37,450,134,1390,328,10,18,200,143,10950,0,465,55.34,2205,198.17,5345,464.92,72015,0,65035,0,40,29,1420,116,3335,200,75,72,59180,31,320,27,155,97,390,172,0,31,120,125,6980,0,360,50.31,1575,151.21,3725,265.6
51071,"Giles County, Virginia",Virginia,Giles County,51,071,16550,58,16295,49,4,1,85,79,375,107,20,29,15675,49,45,32,15,25,55,47,0,21,30,42,255,35,49,38.29,100,82.86,430,118.74,13255,65,13080,50,4,1,65,53,270,75,20,29,12615,49,45,32,15,25,20,21,0,21,30,42,175,45,49,38.29,80,58.6,290,80.67,16610,0,16330,0,4,1,85,79,375,107,20,29,15710,21,45,32,15,25,55,47,0,21,30,42,280,0,49,38.29,100,82.86,430,118.74,13315,30,13110,0,4,1,65,53,270,75,20,29,12650,21,45,32,15,25,20,21,0,21,30,42,200,33,49,38.29,80,58.6,290,80.67
51073,"Gloucester County, Virginia",Virginia,Gloucester County,51,073,39015,91,37455,83,25,23,215,85,3190,185,0,28,33045,57,335,24,255,100,375,179,0,28,15,28,1555,38,360,43.46,470,131.24,3565,258.94,31150,96,30100,88,25,23,120,59,2660,76,0,28,26715,58,275,38,190,70,105,74,0,28,10,21,1050,39,300,52.51,310,91.55,2765,109.71,39230,0,37640,0,25,23,285,103,3190,185,0,28,33135,28,335,24,280,104,375,179,0,28,15,28,1585,0,360,43.46,565,146.37,3565,258.94,31365,27,30285,27,25,23,190,76,2660,76,0,28,26805,28,275,38,215,76,105,74,0,28,10,21,1080,0,300,52.51,405,107.48,2765,109.71
51075,"Goochland County, Virginia",Virginia,Goochland County,51,075,25450,146,24595,68,15,21,380,126,3685,219,0,25,19980,33,110,86,145,115,245,187,0,25,30,36,855,126,125,91.99,525,170.59,3930,289.06,21205,148,20635,66,15,21,380,126,3100,155,0,25,16730,34,95,71,145,115,140,130,0,25,30,36,565,127,110,78.15,525,170.59,3240,203.84,25615,0,24680,0,15,21,425,116,3685,219,0,25,20025,25,110,86,145,115,245,187,0,25,30,36,935,0,125,91.99,570,163.34,3930,289.06,21370,10,20720,8,15,21,425,116,3100,155,0,25,16775,25,95,71,145,115,140,130,0,25,30,36,645,0,110,78.15,570,163.34,3240,203.84
51077,"Grayson County, Virginia",Virginia,Grayson County,51,077,15255,58,14685,17,0,21,175,120,830,119,0,21,13485,17,95,21,45,33,55,42,0,21,0,21,565,57,95,36.37,220,124.45,885,127.93,12730,61,12370,23,0,21,175,120,720,114,0,21,11320,17,80,16,45,33,30,30,0,21,0,21,365,55,80,33.73,220,124.45,750,119.74,15325,0,14700,0,0,21,175,120,830,119,0,21,13500,21,95,21,45,33,55,42,0,21,0,21,620,0,95,36.37,220,124.45,885,127.93,12800,18,12380,16,0,21,175,120,720,114,0,21,11335,21,80,16,45,33,30,30,0,21,0,21,420,0,80,33.73,220,124.45,750,119.74
51079,"Greene County, Virginia",Virginia,Greene County,51,079,20175,258,19090,112,15,24,335,78,1410,191,25,40,16670,89,120,24,30,41,435,167,0,25,50,67,1085,224,135,42.15,365,88.12,1845,254.94,15415,193,14775,111,15,24,240,110,1185,102,25,40,13080,89,115,19,0,25,70,65,0,25,50,67,640,168,130,39.52,240,112.81,1255,123.51,20850,0,19400,0,15,24,525,40,1410,191,25,40,16790,25,120,24,30,41,435,167,0,25,50,67,1450,0,135,42.15,555,57.28,1845,254.94,15990,48,15080,48,15,24,430,46,1185,102,25,40,13195,25,115,19,0,25,70,65,0,25,50,67,910,0,130,39.52,430,52.35,1255,123.51
51081,"Greensville County, Virginia",Virginia,Greensville County,51,081,11050,157,10635,255,0,21,10,16,5985,356,0,21,3930,70,120,49,95,86,110,60,75,82,315,236,410,142,195,97.81,105,87.48,6170,370.22,9240,145,8860,228,0,21,10,16,4870,255,0,21,3450,44,120,49,95,86,105,60,45,38,160,95,385,137,165,65.47,105,87.48,5020,264.71,11305,0,10725,240,0,21,30,26,5985,356,0,21,3995,21,120,49,95,86,115,62,75,82,315,236,575,240,195,97.81,125,89.84,6175,370.55,9465,0,8915,219,0,21,30,26,4870,255,0,21,3480,21,120,49,95,86,115,61,45,38,160,95,550,219,165,65.47,125,89.84,5030,264.93
51083,"Halifax County, Virginia",Virginia,Halifax County,51,083,33640,101,32885,62,30,24,70,26,11755,178,0,28,20220,6,170,24,125,60,280,167,40,31,190,110,755,77,240,45.97,195,65.39,12075,246.04,26825,130,26240,41,25,21,70,26,9340,119,0,28,16370,10,140,31,45,28,140,84,40,31,70,74,580,117,205,48.61,115,38.21,9520,148.92,33810,0,32970,0,30,24,155,61,11755,178,0,28,20225,28,170,24,125,60,280,167,40,31,190,110,840,0,240,45.97,280,85.56,12075,246.04,26970,134,26300,34,25,21,130,40,9340,119,0,28,16370,28,140,31,45,28,140,84,40,31,70,74,670,127,205,48.61,175,48.83,9520,148.92
51085,"Hanover County, Virginia",Virginia,Hanover County,51,085,109610,396,106210,340,115,65,1530,222,9420,401,80,48,91315,278,615,64,1040,226,1440,336,140,119,515,287,3400,190,870,149.94,2570,316.8,11000,536.52,85530,350,83540,298,100,60,1180,168,7880,251,65,46,72350,265,485,60,595,178,485,185,140,119,260,179,1985,187,725,146.15,1775,244.76,8505,333.75,111650,0,107450,0,115,65,1970,236,9485,410,80,48,91995,31,615,64,1085,232,1440,336,140,119,525,290,4205,0,870,149.94,3055,330.94,11065,543.28,87395,25,84615,24,100,60,1560,190,7890,249,65,46,72975,31,485,60,640,188,485,185,140,119,270,183,2775,0,725,146.15,2200,267.29,8515,332.25
51087,"Henrico County, Virginia",Virginia,Henrico County,51,087,310805,1932,294100,1645,410,151,20190,1047,97175,1193,115,66,166040,765,1085,152,2715,512,4060,759,635,282,1675,449,16705,829,2130,354.16,22905,1165.48,101870,1441.82,239550,1539,229465,1267,290,135,13520,757,74710,784,95,74,134900,636,910,136,1425,329,2135,483,515,254,965,251,10080,681,1715,318.18,14945,825.4,77360,955.23,334435,0,312060,0,410,151,31420,639,99275,884,140,68,170105,31,1085,152,3060,557,4085,762,635,282,1845,481,22375,0,2130,354.16,34480,847.69,103995,1200.68,260170,32,245150,33,290,135,23385,420,76485,601,115,64,138430,31,910,136,1745,401,2155,484,515,254,1110,281,15020,0,1715,318.18,25130,580.69,79155,812.39
51089,"Henry County, Virginia",Virginia,Henry County,51,089,49815,167,46940,37,40,47,190,90,11235,427,0,31,34430,22,245,48,130,108,565,404,15,21,90,110,2875,159,300,70.38,320,140.58,11815,588.21,40060,170,38570,67,40,47,130,51,9095,191,0,31,28720,22,220,53,35,48,255,161,15,21,55,74,1490,157,275,73.89,165,70.04,9365,250.69,50365,0,47000,0,40,47,215,110,11250,425,0,31,34450,31,245,48,130,108,565,404,15,21,90,110,3365,0,300,70.38,345,154.16,11830,586.76,40575,63,38625,63,40,47,155,68,9110,188,0,31,28740,31,220,53,35,48,255,161,15,21,55,74,1950,0,275,73.89,190,83.23,9380,248.41
51091,"Highland County, Virginia",Virginia,Highland County,51,091,2260,9,2260,9,0,13,70,60,0,13,0,13,2140,72,20,21,4,3,20,31,0,13,4,10,0,13,20,27.91,74,60.07,20,36.04,1945,89,1945,89,0,13,65,59,0,13,0,13,1845,97,20,21,0,13,10,15,0,13,4,10,0,13,20,27.91,65,60.42,10,23.73,2265,0,2265,13,0,13,70,60,0,13,0,13,2145,72,20,21,4,3,20,31,0,13,4,10,0,13,20,27.91,74,60.07,20,36.04,1950,88,1950,88,0,13,65,59,0,13,0,13,1850,97,20,21,0,13,10,15,0,13,4,10,0,13,20,27.91,65,60.42,10,23.73
51093,"Isle of Wight County, Virginia",Virginia,Isle of Wight County,51,093,39125,115,37745,92,60,42,345,125,8670,283,20,27,27395,70,245,42,295,118,500,213,95,81,120,114,1385,86,400,100.44,640,171.9,9265,363.34,30735,119,29890,95,60,42,265,83,6815,181,20,27,21945,71,180,42,155,68,255,112,95,81,105,104,845,85,335,100.44,420,107.3,7165,227.74,39445,0,37925,0,60,42,410,120,8670,282,20,27,27510,28,245,42,295,118,500,213,95,81,120,114,1520,0,400,100.44,705,168.3,9265,362.57,31040,0,30065,0,60,42,330,68,6815,181,20,27,22055,28,180,42,155,68,255,112,95,81,105,104,975,0,335,100.44,485,96.17,7165,227.74
51095,"James City County, Virginia",Virginia,James City County,51,095,77965,477,73210,343,20,26,1470,296,10180,415,0,31,58435,202,470,25,810,236,1440,409,80,77,305,184,4750,321,570,85.03,2280,378.57,11700,587.74,62445,420,59485,289,20,26,1225,299,7915,329,0,31,48445,201,375,57,440,190,800,308,80,77,190,95,2960,298,475,99.27,1665,354.26,8795,457.2,80045,0,74515,0,20,26,2085,230,10275,401,0,31,59030,31,470,25,810,236,1440,409,80,77,305,184,5530,0,570,85.03,2895,329.54,11795,577.94,64320,50,60625,49,20,26,1695,191,8010,324,0,31,49020,31,375,57,440,190,800,308,80,77,190,95,3695,0,475,99.27,2135,269.41,8890,453.62
51097,"King and Queen County, Virginia",Virginia,King and Queen County,51,097,6670,12,6460,13,15,21,0,19,1630,118,0,19,4455,13,35,38,0,19,295,119,30,30,0,19,210,19,80,52.77,0,26.87,1955,170.25,5480,26,5350,14,15,21,0,19,1395,84,0,19,3750,14,35,38,0,19,125,78,30,30,0,19,130,24,80,52.77,0,26.87,1550,118.49,6675,0,6470,0,15,21,0,19,1630,118,0,19,4460,19,35,38,0,19,295,119,30,30,0,19,210,0,80,52.77,0,26.87,1955,170.25,5485,24,5360,0,15,21,0,19,1395,84,0,19,3755,19,35,38,0,19,125,78,30,30,0,19,130,24,80,52.77,0,26.87,1550,118.49
51099,"King George County, Virginia",Virginia,King George County,51,099,27070,164,25510,87,10,13,245,66,4240,201,0,25,19775,36,250,12,360,82,575,185,15,23,45,48,1555,135,275,29.02,605,105.26,4830,274.14,20320,152,19355,69,10,12,235,62,3365,123,0,25,15120,35,195,10,185,68,195,97,15,23,40,48,960,135,220,27.8,420,92.02,3575,158.33,27470,0,25655,0,10,13,345,83,4240,201,0,25,19810,25,250,12,360,82,575,185,15,23,50,53,1810,0,275,29.02,705,116.67,4830,274.14,20700,0,19480,0,10,12,315,68,3365,123,0,25,15160,25,195,10,185,68,195,97,15,23,45,49,1215,0,220,27.8,500,96.17,3575,158.33
51101,"King William County, Virginia",Virginia,King William County,51,101,18145,98,17645,31,140,39,105,114,2790,242,10,21,14035,17,195,39,75,83,155,188,10,16,130,163,500,92,345,57.43,180,141.01,2955,306.86,13960,97,13660,35,125,30,105,114,2305,155,10,21,10855,13,145,30,10,23,35,52,10,16,55,78,295,90,280,45.34,115,116.3,2350,164.27,18230,0,17665,0,140,39,120,115,2790,242,10,21,14045,21,195,39,75,83,155,188,10,16,130,163,565,0,345,57.43,195,141.82,2955,306.86,14045,0,13685,0,125,30,120,115,2305,155,10,21,10865,21,145,30,10,23,35,52,10,16,55,78,360,0,280,45.34,130,117.28,2350,164.27
51103,"Lancaster County, Virginia",Virginia,Lancaster County,51,103,10795,49,10655,42,0,21,40,45,2985,104,0,21,7390,17,15,19,55,41,130,101,15,21,25,38,140,31,30,35.26,95,60.88,3130,146.49,9205,52,9060,41,0,21,30,32,2290,47,0,21,6610,16,15,19,50,40,40,33,15,21,10,17,140,31,30,35.26,80,51.22,2345,61.15,10875,0,10705,0,0,21,50,40,3000,106,0,21,7400,21,15,19,55,41,145,102,15,21,25,38,170,0,30,35.26,105,57.28,3160,148.6,9275,23,9105,25,0,21,40,29,2305,47,0,21,6625,21,15,19,50,40,45,35,15,21,10,17,170,21,30,35.26,90,49.41,2365,62.25
51105,"Lee County, Virginia",Virginia,Lee County,51,105,21860,60,21490,33,40,32,40,38,920,53,0,25,20220,33,130,31,55,40,70,49,0,25,10,16,370,40,170,51.09,95,55.17,990,76.39,17820,97,17495,72,40,32,40,38,915,52,0,25,16370,33,90,37,10,18,25,29,0,25,4,5,325,47,130,54.94,50,42.05,940,64.58,22040,0,21535,0,40,32,40,38,930,49,0,25,20255,25,130,31,55,40,70,49,0,25,10,16,505,0,170,51.09,95,55.17,1000,73.67,18005,74,17540,64,40,32,40,38,925,49,0,25,16410,25,90,37,10,18,25,29,0,25,4,5,460,26,130,54.94,50,42.05,950,62.19
51107,"Loudoun County, Virginia",Virginia,Loudoun County,51,107,385610,2270,340060,1771,505,103,72200,1492,30710,828,260,62,219585,905,1050,108,9190,1141,4160,667,220,126,2185,544,45550,1376,1775,195.32,81390,1878.28,35090,1070.68,273915,1833,245985,1488,410,95,49160,1278,22735,550,215,47,165010,738,745,103,4605,748,1960,369,145,87,1000,284,27930,1171,1300,164.93,53765,1480.81,24840,668.0,427080,0,366615,0,520,109,90800,1250,32265,710,260,62,225560,31,1050,108,9330,1166,4385,701,220,126,2230,542,60465,0,1790,198.55,100130,1709.4,36870,1005.67,311305,0,269885,0,425,102,66310,864,23935,444,215,47,170165,31,745,103,4745,796,2185,429,145,87,1020,284,41420,0,1315,169.06,71055,1174.78,26265,623.49
51109,"Louisa County, Virginia",Virginia,Louisa County,51,109,38400,256,37225,128,35,40,165,51,5260,342,10,15,30060,117,235,41,220,54,1130,337,0,28,105,143,1180,205,270,63.76,385,74.28,6390,480.95,30550,254,29855,121,35,40,160,51,4535,231,10,15,24345,105,140,34,115,49,465,224,0,28,45,61,695,206,175,59.5,275,70.72,5000,322.99,39010,0,37490,0,45,41,180,54,5260,342,10,15,30295,28,235,41,230,51,1130,337,0,28,105,143,1520,0,280,64.39,410,74.28,6390,480.95,31130,48,30095,48,45,41,170,51,4535,231,10,15,24560,28,140,34,125,47,465,224,0,28,45,61,1035,0,185,60.17,295,69.35,5000,322.99
51111,"Lunenburg County, Virginia",Virginia,Lunenburg County,51,111,11660,130,11295,9,4,10,0,21,4000,105,4,4,7030,21,105,80,0,21,125,73,0,21,35,33,365,130,109,83.31,0,29.7,4125,129.6,9355,98,9220,10,4,10,0,21,3240,98,4,4,5790,21,90,70,0,21,80,61,0,21,15,22,135,98,94,73.76,0,29.7,3320,117.33,11990,0,11300,0,4,10,4,4,4000,105,4,4,7030,21,105,80,0,21,125,73,0,21,35,33,690,0,109,83.31,4,21.38,4125,129.6,9635,0,9225,0,4,10,4,4,3240,98,4,4,5790,21,90,70,0,21,80,61,0,21,15,22,410,0,94,73.76,4,21.38,3320,117.33
51113,"Madison County, Virginia",Virginia,Madison County,51,113,13750,78,13410,40,4,3,35,43,1165,240,0,21,11725,36,95,7,0,21,255,196,35,54,95,109,345,67,134,54.53,35,47.85,1455,314.53,10985,70,10760,46,4,3,35,43,970,138,0,21,9470,36,55,21,0,21,100,69,35,54,95,109,220,54,94,58.02,35,47.85,1105,163.47,13930,0,13440,0,4,3,45,47,1165,240,0,21,11750,21,95,7,0,21,255,196,35,54,95,109,490,0,134,54.53,45,51.48,1455,314.53,11140,21,10795,21,4,3,45,47,970,138,0,21,9495,21,55,21,0,21,100,69,35,54,95,109,345,0,94,58.02,45,51.48,1105,163.47
51115,"Mathews County, Virginia",Virginia,Mathews County,51,115,8505,14,8300,19,0,19,0,19,755,151,20,42,7290,19,95,109,15,23,0,19,0,19,130,117,210,15,95,112.26,15,29.83,755,153.37,7180,58,7040,38,0,19,0,19,690,110,20,42,6220,19,60,63,15,23,0,19,0,19,35,62,140,47,60,68.49,15,29.83,690,113.23,8515,0,8300,0,0,19,0,19,755,151,20,42,7290,19,95,109,15,23,0,19,0,19,130,117,220,0,95,112.26,15,29.83,755,153.37,7190,56,7040,38,0,19,0,19,690,110,20,42,6220,19,60,63,15,23,0,19,0,19,35,62,150,44,60,68.49,15,29.83,690,113.23
51117,"Mecklenburg County, Virginia",Virginia,Mecklenburg County,51,117,29810,209,29230,146,90,51,120,87,9990,216,0,28,18410,38,110,53,55,56,390,195,50,49,20,24,580,158,250,88.38,175,103.46,10430,295.1,24255,172,23915,132,55,33,120,88,7940,157,0,28,15470,35,95,40,30,45,190,124,0,28,20,24,340,110,150,58.93,150,98.84,8130,202.01,30430,0,29520,0,90,51,310,56,10015,206,0,28,18425,28,110,53,55,56,445,193,50,49,20,24,910,0,250,88.38,365,79.2,10510,286.51,24800,60,24200,58,55,33,305,65,7960,151,0,28,15490,28,95,40,30,45,245,148,0,28,20,24,600,0,150,58.93,335,79.06,8205,213.28
51119,"Middlesex County, Virginia",Virginia,Middlesex County,51,119,10580,136,10340,128,0,21,50,50,1605,181,15,28,8390,28,115,81,0,21,140,97,20,25,4,12,240,54,135,87.33,50,54.23,1765,206.87,8945,83,8790,42,0,21,50,50,1390,112,15,28,7155,28,115,81,0,21,50,40,20,25,0,21,155,67,135,87.33,50,54.23,1460,121.53,10775,0,10455,0,0,21,50,50,1605,181,15,28,8420,21,115,81,85,125,140,97,20,25,4,12,315,0,135,87.33,135,134.63,1765,206.87,9060,53,8840,0,0,21,50,50,1390,112,15,28,7185,21,115,81,20,31,50,40,20,25,0,21,215,56,135,87.33,70,58.83,1460,121.53
51121,"Montgomery County, Virginia",Virginia,Montgomery County,51,121,93255,845,89695,818,205,75,3360,382,3695,289,170,140,79845,669,210,76,1015,288,965,242,0,31,230,138,3560,283,415,111.18,4375,478.4,4660,378.21,78600,742,75915,702,195,76,2890,350,3240,237,170,140,67935,536,175,75,645,225,515,189,0,31,155,101,2680,281,370,111.18,3535,416.08,3755,304.71,99160,0,94645,0,205,75,6170,325,3845,257,170,140,81760,31,210,76,1065,305,975,252,0,31,240,140,4510,0,415,111.18,7235,445.7,4820,361.27,83990,0,80415,0,195,76,5575,269,3395,197,170,140,69525,31,175,75,690,246,530,196,0,31,165,103,3575,0,370,111.18,6265,364.52,3925,279.62
51125,"Nelson County, Virginia",Virginia,Nelson County,51,125,14440,179,13825,164,60,64,115,125,1410,275,0,21,12010,28,80,68,80,100,45,72,0,21,25,42,615,74,140,95.71,195,160.08,1455,285.04,11880,147,11510,127,60,64,115,125,1135,226,0,21,10080,29,55,39,45,57,0,21,0,21,25,42,370,75,115,77.83,160,137.38,1135,227.94,14775,0,14085,0,60,64,250,259,1515,274,0,21,12035,21,80,68,80,100,45,72,0,21,25,42,690,0,140,95.71,330,277.63,1560,284.08,12165,0,11720,0,60,64,250,259,1190,237,0,21,10100,21,55,39,45,57,0,21,0,21,25,42,445,0,115,77.83,295,265.2,1190,238.85
51127,"New Kent County, Virginia",Virginia,New Kent County,51,127,23730,165,22995,138,160,94,170,60,3185,261,0,25,18480,127,255,96,185,61,435,241,30,41,100,92,735,106,445,140.47,355,85.56,3650,357.61,19025,165,18530,137,120,88,150,55,2735,187,0,25,14890,127,215,88,95,57,215,156,30,41,80,87,495,107,365,131.03,245,79.21,2980,246.95,24140,0,23275,0,160,94,265,55,3185,261,0,25,18665,25,255,96,185,61,435,241,30,41,100,92,860,0,445,140.47,450,82.13,3650,357.61,19430,0,18810,0,120,88,245,56,2735,187,0,25,15075,25,215,88,95,57,215,156,30,41,80,87,625,0,365,131.03,340,79.91,2980,246.95
51131,"Northampton County, Virginia",Virginia,Northampton County,51,131,11675,170,10860,74,4,3,105,29,3770,114,0,21,6715,63,10,15,15,19,195,109,50,47,4,12,810,162,64,49.43,120,34.67,4015,164.58,9405,172,9030,77,4,3,65,48,2890,96,0,21,5855,56,10,12,15,19,145,84,50,47,4,12,375,160,64,48.6,80,51.62,3085,135.94,12115,0,11000,0,4,3,130,22,3780,110,0,21,6805,21,10,15,15,19,195,109,50,47,10,16,1115,0,64,49.43,145,29.07,4025,161.83,9830,27,9165,26,4,3,90,29,2900,94,0,21,5940,21,10,12,15,19,145,84,50,47,10,16,665,0,64,48.6,105,34.67,3095,134.54
51133,"Northumberland County, Virginia",Virginia,Northumberland County,51,133,12055,25,11680,21,10,24,510,382,2375,389,0,21,8420,21,125,102,0,21,155,166,85,100,0,21,375,24,220,144.84,510,382.58,2615,434.6,10270,34,10080,14,10,24,280,214,2015,257,0,21,7560,21,125,102,0,21,45,70,45,40,0,21,190,36,180,112.16,280,215.03,2105,269.35,12085,0,11680,0,10,24,510,382,2375,389,0,21,8420,21,125,102,0,21,155,166,85,100,0,21,405,0,220,144.84,510,382.58,2615,434.6,10300,29,10080,0,10,24,280,214,2015,257,0,21,7560,21,125,102,0,21,45,70,45,40,0,21,220,29,180,112.16,280,215.03,2105,269.35
51135,"Nottoway County, Virginia",Virginia,Nottoway County,51,135,15380,90,14725,59,15,28,55,39,5830,190,0,21,8440,31,110,84,0,21,220,114,40,52,15,28,655,74,165,102.68,55,44.29,6090,227.6,12385,115,11925,51,15,28,30,34,4625,186,0,21,6880,28,110,84,0,21,205,108,40,52,15,28,465,93,165,102.68,30,39.96,4870,221.28,15595,0,14850,0,15,28,140,21,5845,183,0,21,8470,21,110,84,0,21,220,114,40,52,15,28,745,0,165,102.68,140,29.7,6105,221.79,12600,104,12045,29,15,28,115,29,4640,177,0,21,6910,21,110,84,0,21,205,108,40,52,15,28,555,101,165,102.68,115,35.81,4885,213.77
51137,"Orange County, Virginia",Virginia,Orange County,51,137,36425,216,34570,99,4,18,420,151,3865,425,0,28,28225,101,290,10,260,151,1385,400,95,92,20,22,1850,197,389,94.28,680,213.55,5345,590.84,28530,200,27455,166,4,18,420,151,3380,279,0,28,22690,102,185,52,155,144,500,239,95,92,20,22,1075,160,284,107.2,575,208.66,3975,378.72,37210,0,34770,0,4,18,420,151,3875,426,0,28,28415,28,290,10,260,151,1385,400,95,92,20,22,2440,0,389,94.28,680,213.55,5355,591.56,29260,132,27650,132,4,18,420,151,3390,279,0,28,22880,28,185,52,155,144,500,239,95,92,20,22,1610,0,284,107.2,575,208.66,3985,378.72
51139,"Page County, Virginia",Virginia,Page County,51,139,23485,126,23000,107,20,30,90,43,445,163,0,25,22015,93,115,30,25,29,225,156,50,63,20,29,485,63,185,75.95,115,51.87,720,234.25,18805,108,18495,92,20,30,45,23,370,114,0,25,17820,81,75,26,25,27,80,113,50,63,10,14,310,51,145,74.46,70,35.47,500,172.44,23750,0,23185,0,20,30,140,36,445,163,0,25,22140,25,115,30,25,29,225,156,50,63,30,33,565,0,185,75.95,165,46.23,720,234.25,19030,42,18660,39,20,30,95,37,370,114,0,25,17925,25,75,26,25,27,80,113,50,63,20,20,370,0,145,74.46,120,45.8,500,172.44
51141,"Patrick County, Virginia",Virginia,Patrick County,51,141,17475,94,16910,76,10,19,35,43,935,116,0,21,15685,74,95,19,0,21,145,85,0,21,10,15,565,43,105,34.1,35,47.85,1080,145.33,14415,149,13990,77,10,19,20,28,795,70,0,21,13020,74,85,25,0,21,50,53,0,21,10,15,425,121,95,37.78,20,35.0,845,90.28,17605,0,17010,0,10,19,35,45,950,109,0,21,15765,21,95,19,0,21,145,85,0,21,10,15,595,0,105,34.1,35,49.66,1095,139.81,14545,97,14090,21,10,19,25,30,810,66,0,21,13100,21,85,25,0,21,50,53,0,21,10,15,455,95,95,37.78,25,36.62,860,87.21
51143,"Pittsylvania County, Virginia",Virginia,Pittsylvania County,51,143,59755,128,58270,49,25,23,260,57,12465,227,0,31,44320,29,275,20,125,62,585,202,25,23,190,128,1480,111,325,38.18,385,84.22,13075,304.73,48925,113,48010,62,25,23,235,40,10420,184,0,31,36635,29,215,22,60,37,255,158,25,23,135,91,910,85,265,39.27,295,54.49,10700,243.62,60150,0,58345,0,25,23,295,64,12465,227,0,31,44350,31,275,20,125,62,590,200,25,23,190,128,1805,0,325,38.18,420,89.11,13080,303.41,49280,25,48085,25,25,23,275,31,10420,184,0,31,36665,31,215,22,60,37,260,156,25,23,135,91,1195,0,265,39.27,335,48.27,10705,242.32
51145,"Powhatan County, Virginia",Virginia,Powhatan County,51,145,30725,201,29890,203,15,23,195,196,2695,252,0,28,26430,194,185,22,55,74,255,157,0,28,65,81,835,36,200,42.39,250,209.5,2950,298.22,25220,165,24515,154,15,23,90,94,2395,173,0,28,21590,145,170,28,55,74,170,127,0,28,25,28,705,115,185,45.79,145,119.63,2565,216.43,31075,0,30205,0,15,23,195,196,2715,247,0,28,26715,28,185,22,55,74,255,157,0,28,65,82,870,0,200,42.39,250,209.5,2970,294.01,25520,106,24775,19,15,23,90,94,2415,171,0,28,21835,28,170,28,55,74,170,127,0,28,25,28,740,105,185,45.79,145,119.63,2585,214.83
51147,"Prince Edward County, Virginia",Virginia,Prince Edward County,51,147,21545,187,20670,95,25,34,205,77,6605,405,205,280,13075,50,30,33,100,75,350,270,30,35,50,61,880,133,85,58.91,305,107.49,6985,488.01,18275,200,17510,95,25,34,200,74,5380,282,135,188,11390,50,30,33,90,64,230,168,30,35,0,25,765,164,85,58.91,290,97.84,5640,330.11,21930,0,20880,0,25,34,240,77,6655,406,205,278,13170,25,30,33,100,75,350,270,30,35,75,86,1050,0,85,58.91,340,107.49,7035,488.84,18660,113,17725,19,25,34,235,75,5430,281,140,189,11485,25,30,33,90,64,230,168,30,35,25,40,935,112,85,58.91,325,98.6,5690,329.26
51149,"Prince George County, Virginia",Virginia,Prince George County,51,149,41905,315,38020,191,95,53,680,173,12955,377,200,21,22385,77,325,52,265,153,540,265,35,54,545,262,3885,287,455,91.81,945,230.95,13530,463.97,33580,220,30745,189,95,53,540,126,10705,228,190,27,18225,80,290,60,155,89,280,175,35,54,230,137,2835,169,420,96.57,695,154.26,11020,292.45,42875,0,38545,0,110,53,805,163,13125,381,210,28,22490,28,325,52,325,161,565,261,35,54,560,268,4330,0,470,91.81,1130,229.11,13725,464.97,34420,44,31265,45,110,53,665,106,10875,225,200,22,18335,28,290,60,210,103,305,168,35,54,245,139,3155,0,435,96.57,875,147.8,11215,285.95
51153,"Prince William County, Virginia",Virginia,Prince William County,51,153,430895,2650,340470,1383,475,139,37920,1161,91710,1716,345,153,188370,748,2005,154,7315,836,7545,1068,450,235,4335,670,90420,2278,2930,313.47,45235,1430.67,99705,2034.82,308060,2112,253280,1175,430,129,27830,869,67450,1218,285,131,145080,717,1560,138,4060,553,3705,505,355,139,2530,481,54780,1741,2345,234.53,31890,1030.03,71510,1325.85,484625,0,360265,0,490,143,46450,1003,97705,1300,355,150,192310,31,2010,154,8455,991,7615,1066,450,235,4425,697,124360,0,2950,315.26,54905,1410.0,105770,1697.52,355515,0,270965,0,440,131,35640,707,72810,730,295,130,148575,31,1560,138,4900,703,3775,496,355,139,2620,515,84550,0,2355,235.64,40540,997.02,76940,893.44
51155,"Pulaski County, Virginia",Virginia,Pulaski County,51,155,33700,43,32975,43,4,28,130,75,1555,184,85,96,30450,28,175,9,115,86,390,159,0,28,70,87,725,4,179,40.61,245,114.11,1945,244.79,27665,57,27205,50,4,28,85,47,1375,107,85,96,25300,30,145,24,75,50,100,76,0,28,40,47,460,28,149,46.3,160,68.62,1475,134.2,33770,0,33045,0,4,28,185,87,1555,184,85,96,30465,28,175,9,115,86,390,159,0,28,70,87,725,0,179,40.61,300,122.33,1945,244.79,27740,41,27275,30,4,28,135,56,1375,107,85,96,25315,28,145,24,75,50,100,76,0,28,45,45,460,29,149,46.3,210,75.07,1475,134.2
51157,"Rappahannock County, Virginia",Virginia,Rappahannock County,51,157,7205,108,7040,32,20,27,15,24,360,109,0,19,6475,31,40,29,40,54,90,81,0,19,0,19,165,105,60,43.94,55,59.09,450,137.12,6010,115,5925,67,20,27,15,24,295,84,0,19,5465,33,20,20,25,37,85,85,0,19,0,19,85,95,40,38.6,40,44.1,380,121.0,7410,0,7075,0,20,27,15,26,360,109,0,19,6505,19,40,29,45,54,90,81,0,19,0,19,335,0,60,43.94,60,59.93,450,137.12,6100,107,5955,62,20,27,15,26,295,84,0,19,5490,19,20,20,25,36,85,85,0,19,0,19,145,80,40,38.6,40,44.41,380,121.0
51159,"Richmond County, Virginia",Virginia,Richmond County,51,159,8785,115,8315,92,35,38,4,19,2455,213,0,19,5485,19,245,207,4,15,85,52,0,19,10,12,470,78,280,211.31,8,24.21,2540,220.08,7245,78,6980,30,35,38,4,19,2140,121,0,19,4585,19,120,89,4,15,85,52,0,19,10,12,270,77,155,98.62,8,24.21,2225,133.06,9045,0,8390,0,35,38,4,19,2530,213,0,19,5485,19,245,207,4,15,85,52,0,19,10,12,655,0,280,211.31,8,24.21,2615,220.08,7455,0,7000,0,35,38,4,19,2160,116,0,19,4585,19,120,89,4,15,85,52,0,19,10,12,455,0,155,98.62,8,24.21,2245,128.53
51161,"Roanoke County, Virginia",Virginia,Roanoke County,51,161,93980,592,91130,462,110,60,2175,412,6110,338,20,31,80790,188,325,60,430,169,1030,352,15,17,125,104,2850,290,450,86.54,2605,445.31,7155,488.3,75110,492,73450,388,70,43,1535,330,4920,160,10,18,66060,184,265,44,220,106,280,130,15,17,75,56,1660,230,350,63.83,1755,346.61,5215,206.86,96795,0,93100,0,110,60,3495,193,6170,337,20,31,81290,31,325,60,510,195,1030,352,15,17,135,109,3690,0,450,86.54,4005,274.36,7215,487.61,77580,6,75195,9,70,43,2670,139,4975,136,10,18,66550,31,265,44,275,141,280,130,15,17,85,63,2385,0,350,63.83,2945,197.99,5270,188.9
51163,"Rockbridge County, Virginia",Virginia,Rockbridge County,51,163,22405,96,21955,78,85,59,80,45,730,149,0,25,20595,24,160,59,65,47,215,142,15,31,15,20,450,51,260,89.01,145,65.07,960,208.15,18430,95,18200,56,75,42,70,44,560,84,0,25,17240,22,115,48,30,25,80,76,15,31,4,17,230,74,205,70.92,100,50.61,655,117.44,22580,0,22065,0,85,59,175,52,730,149,0,25,20610,25,160,59,65,47,215,142,15,31,15,20,510,0,260,89.01,240,70.09,960,208.15,18590,106,18295,41,75,42,160,53,560,84,0,25,17255,25,115,48,30,25,80,76,15,31,4,17,290,101,205,70.92,190,58.6,655,117.44
51165,"Rockingham County, Virginia",Virginia,Rockingham County,51,165,81935,484,76055,318,50,42,510,173,1735,221,75,72,72365,208,355,43,240,131,500,186,10,17,220,141,5880,374,415,62.47,750,217.0,2245,289.35,63550,382,60150,247,25,24,380,128,1420,150,60,63,57605,197,280,32,105,73,190,92,10,17,80,60,3400,302,315,43.46,485,147.35,1620,176.79,84740,0,77240,0,50,42,915,132,2000,217,85,73,72870,31,355,43,240,131,500,186,10,17,220,141,7500,0,415,62.47,1155,185.97,2510,286.31,65960,19,61095,17,25,24,700,75,1570,142,65,64,58070,31,280,32,105,73,190,92,10,17,80,60,4865,0,315,43.46,805,104.66,1770,170.05
51167,"Russell County, Virginia",Virginia,Russell County,51,167,25565,60,25395,58,40,32,25,38,305,89,50,71,24825,58,85,32,40,45,25,30,0,25,4,3,165,5,125,51.7,65,58.9,330,97.19,20770,86,20640,70,40,32,25,38,300,90,50,71,20130,59,65,34,20,28,10,21,0,25,4,3,130,40,105,52.96,45,47.2,310,95.74,25635,0,25470,0,40,32,25,38,310,90,50,71,24895,25,85,32,40,45,25,30,0,25,4,3,165,0,125,51.7,65,58.9,335,98.11,20840,64,20710,44,40,32,25,38,305,91,50,71,20195,25,65,34,20,28,10,21,0,25,4,3,130,40,105,52.96,45,47.2,315,96.68
51169,"Scott County, Virginia",Virginia,Scott County,51,169,21440,41,21145,41,20,19,10,18,255,106,25,49,20640,33,100,20,45,51,40,46,0,25,0,25,300,18,120,37.23,55,54.08,295,118.22,17575,80,17380,45,20,19,10,18,205,72,10,22,17015,33,90,22,10,16,15,28,0,25,0,25,195,72,110,38.34,20,24.08,220,81.2,21505,0,21200,0,20,19,25,33,255,106,25,49,20680,25,100,20,45,51,40,46,0,25,0,25,305,0,120,37.23,70,60.75,295,118.22,17635,70,17435,17,20,19,25,33,205,72,10,22,17055,25,90,22,10,16,15,28,0,25,0,25,205,69,110,38.34,35,36.67,220,81.2
51171,"Shenandoah County, Virginia",Virginia,Shenandoah County,51,171,43175,302,40205,192,15,19,505,77,920,118,4,7,37945,131,290,14,55,54,360,181,110,120,4,9,2970,244,415,122.3,560,94.05,1390,247.15,33795,299,32115,180,15,21,370,61,755,84,4,7,30555,131,185,18,25,35,175,102,25,35,4,9,1675,235,225,44.61,395,70.33,955,136.69,44630,0,40710,0,15,19,560,53,1205,155,4,7,38105,28,290,14,55,54,360,181,110,120,4,9,3920,0,415,122.3,615,75.66,1675,266.81,35080,19,32490,20,15,21,425,34,910,117,4,7,30715,28,185,18,25,35,175,102,25,35,4,9,2595,0,225,44.61,450,48.8,1110,159.12
51173,"Smyth County, Virginia",Virginia,Smyth County,51,173,29200,159,28770,118,35,26,70,89,580,126,20,33,27670,106,110,26,60,56,180,94,10,14,40,41,425,92,155,39.34,130,105.15,770,157.82,23540,134,23305,82,35,26,70,89,490,102,20,33,22425,77,105,29,60,56,65,61,10,14,30,27,235,90,150,41.39,130,105.15,565,119.67,29585,0,28980,0,35,26,85,91,590,125,20,33,27850,25,110,26,60,56,180,94,10,14,40,41,605,0,155,39.34,145,106.85,780,157.03,23865,15,23455,13,35,26,70,89,500,102,20,33,22565,25,105,29,60,56,65,61,10,14,30,27,415,0,150,41.39,130,105.15,575,119.67
51175,"Southampton County, Virginia",Virginia,Southampton County,51,175,17930,40,17520,40,75,42,80,41,5350,306,0,21,11025,21,295,54,15,17,440,230,220,207,20,24,410,9,590,218.01,95,44.38,6010,435.18,14500,59,14285,29,75,42,60,29,4580,158,0,21,9005,21,260,54,10,18,155,102,120,123,20,24,215,57,455,140.74,70,34.13,4855,224.72,17990,0,17575,0,75,42,135,17,5350,306,0,21,11025,21,295,54,15,17,440,230,220,207,20,24,415,0,590,218.01,150,24.04,6010,435.18,14545,57,14325,0,75,42,100,19,4580,158,0,21,9005,21,260,54,10,18,155,102,120,123,20,24,220,57,455,140.74,110,26.17,4855,224.72
51177,"Spotsylvania County, Virginia",Virginia,Spotsylvania County,51,177,137740,727,123760,329,190,61,3155,309,23030,757,70,75,90765,173,655,62,1475,285,3430,669,335,260,655,290,13980,669,1180,274.16,4630,420.36,26795,1043.17,103200,587,95080,289,140,48,2620,221,17900,413,70,75,71080,172,535,49,790,208,1380,339,230,171,335,178,8115,527,905,184.24,3410,303.49,19510,561.01,143875,0,125625,0,190,61,3705,311,23705,740,70,75,91245,31,655,62,1600,321,3445,671,335,260,680,298,18250,0,1180,274.16,5305,446.95,27485,1032.2,108490,0,96645,0,140,48,3050,222,18435,396,70,75,71560,31,535,49,865,221,1400,342,230,171,360,185,11850,0,905,184.24,3915,313.25,20065,550.47
51179,"Stafford County, Virginia",Virginia,Stafford County,51,179,151250,1058,131540,727,160,70,5145,437,29635,825,15,27,88620,389,1005,69,1540,264,3810,700,105,99,1505,460,19710,903,1270,139.51,6685,510.55,33550,1086.47,110500,811,98595,514,145,61,3815,327,22080,556,15,27,68350,301,785,63,845,200,1545,410,70,56,950,342,11905,722,1000,104.05,4660,383.31,23695,693.09,160520,0,135005,0,160,70,6140,340,30940,824,15,27,89550,31,1005,69,1715,300,3810,700,105,99,1565,469,25515,0,1270,139.51,7855,453.43,34855,1085.71,118465,0,101425,0,145,61,4580,248,23245,493,15,27,69120,31,785,63,920,225,1545,410,70,56,1005,355,17040,0,1000,104.05,5500,334.86,24860,643.65
51181,"Surry County, Virginia",Virginia,Surry County,51,181,6495,52,6315,52,0,19,4,11,2685,65,0,19,3520,50,70,60,4,2,20,20,0,19,4,12,180,18,70,65.74,8,11.18,2705,70.61,5385,52,5270,49,0,19,0,19,2230,42,0,19,2970,49,50,39,4,2,15,17,0,19,4,12,115,16,50,47.36,4,19.1,2245,49.13,6550,0,6360,0,0,19,10,17,2685,65,0,19,3565,19,70,60,4,2,20,20,0,19,4,12,190,0,70,65.74,14,17.12,2705,70.61,5440,6,5315,0,0,19,4,3,2230,42,0,19,3015,19,50,39,4,2,15,17,0,19,4,12,125,19,50,47.36,8,3.61,2245,49.13
51183,"Sussex County, Virginia",Virginia,Sussex County,51,183,10730,47,10575,70,4,5,15,17,5895,145,0,21,4370,5,75,6,15,19,170,119,25,37,4,10,155,56,104,37.82,30,25.5,6090,191.19,9030,48,8875,71,4,5,15,17,4935,115,0,21,3680,7,70,11,15,19,125,83,25,37,4,10,155,56,99,38.92,30,25.5,5085,146.57,10795,0,10630,55,4,5,60,54,5900,146,0,21,4370,21,75,6,15,19,170,119,25,37,4,10,165,56,104,37.82,75,57.25,6095,191.95,9090,13,8925,60,4,5,60,54,4935,115,0,21,3685,21,70,11,15,19,125,83,25,37,4,10,165,56,99,38.92,75,57.25,5085,146.57
51185,"Tazewell County, Virginia",Virginia,Tazewell County,51,185,39880,52,39380,50,4,8,265,114,1310,205,0,28,37155,50,175,9,120,114,285,182,15,19,50,74,500,21,194,22.49,385,161.22,1610,274.79,31945,127,31815,106,4,8,235,103,1095,140,0,28,30090,50,135,19,40,71,165,127,15,19,30,46,130,79,154,28.04,275,125.1,1275,189.97,39935,0,39415,0,4,8,265,114,1310,205,0,28,37190,28,175,9,120,114,285,182,15,19,50,74,520,0,194,22.49,385,161.22,1610,274.79,32000,109,31845,87,4,8,235,103,1095,140,0,28,30125,28,135,19,40,71,165,127,15,19,30,46,150,73,154,28.04,275,125.1,1275,189.97
51187,"Warren County, Virginia",Virginia,Warren County,51,187,39790,258,37775,187,4,15,345,135,2080,272,0,28,34120,124,320,20,285,157,555,242,25,40,40,48,2015,198,349,47.17,630,207.06,2660,366.26,30965,250,29755,194,4,15,230,87,1580,178,0,28,27140,126,285,34,185,109,290,168,25,40,20,22,1205,187,314,54.6,415,139.46,1895,248.01,41105,0,38345,0,4,15,495,156,2080,272,0,28,34450,28,320,20,285,157,650,271,25,40,40,48,2760,0,349,47.17,780,221.33,2755,386.04,32230,29,30325,31,4,15,380,108,1580,178,0,28,27465,28,285,34,185,109,380,181,25,40,20,22,1905,0,314,54.6,565,153.44,1985,256.99
51191,"Washington County, Virginia",Virginia,Washington County,51,191,53550,160,52730,141,45,37,215,64,915,93,4,12,51050,128,210,36,90,73,135,87,0,31,70,54,820,75,255,60.22,305,97.08,1050,131.07,44250,200,43685,186,30,23,170,72,795,80,4,12,42245,127,200,36,75,64,100,84,0,31,70,54,565,73,230,52.78,245,96.33,895,120.07,53915,0,52965,0,45,37,265,78,915,93,4,12,51230,31,210,36,90,73,135,87,0,31,70,54,950,0,255,60.22,355,106.83,1050,131.07,44575,95,43910,94,30,23,220,60,795,80,4,12,42415,31,200,36,75,64,100,84,0,31,70,54,665,0,230,52.78,295,87.73,895,120.07
51193,"Westmoreland County, Virginia",Virginia,Westmoreland County,51,193,18335,141,17490,37,20,32,200,48,4520,300,0,21,12035,15,95,96,30,44,515,268,35,58,40,41,845,142,150,116.64,230,65.12,5070,406.43,14930,174,14385,87,20,32,120,76,3735,159,0,21,10190,18,65,60,30,43,175,126,35,58,4,14,545,163,120,89.38,150,87.32,3945,211.0,18685,0,17520,0,20,32,205,48,4540,299,0,21,12045,21,95,96,30,44,515,268,35,58,40,41,1160,0,150,116.64,235,65.12,5090,405.7,15275,111,14415,79,20,32,125,74,3755,156,0,21,10200,21,65,60,30,43,175,126,35,58,4,14,860,85,120,89.38,155,85.59,3965,208.75
51195,"Wise County, Virginia",Virginia,Wise County,51,195,35510,73,35150,69,40,26,145,60,2010,167,0,28,32500,32,105,24,70,61,240,152,20,29,25,21,360,47,165,45.75,215,85.56,2270,227.67,28655,97,28360,66,40,26,140,60,1885,111,0,28,26030,31,90,23,45,40,85,86,20,29,25,21,295,71,150,45.23,185,72.11,1990,143.38,35725,0,35240,0,40,23,160,61,2020,167,0,28,32535,28,105,24,70,61,270,171,20,29,25,21,485,0,165,44.11,230,86.27,2310,240.77,28870,60,28450,40,40,23,160,62,1895,112,0,28,26070,28,90,23,45,40,115,110,20,29,25,21,420,51,150,43.58,205,73.78,2030,159.64
51197,"Wythe County, Virginia",Virginia,Wythe County,51,197,28050,72,27645,68,4,3,75,66,665,190,25,45,26360,12,145,9,4,3,330,157,4,18,30,41,400,26,153,20.35,79,66.07,999,247.13,22545,82,22250,76,4,2,75,66,525,111,25,45,21350,15,85,22,4,3,155,78,4,18,25,35,290,36,93,28.5,79,66.07,684,136.85,28220,0,27800,0,4,3,215,4,670,192,25,45,26370,25,145,9,4,3,330,157,4,18,30,41,420,0,153,20.35,219,5.0,1004,248.67,22715,36,22400,24,4,2,215,4,525,111,25,45,21355,25,85,22,4,3,155,78,4,18,25,35,310,30,93,28.5,219,5.0,684,136.85
51199,"York County, Virginia",Virginia,York County,51,199,68935,346,63845,326,125,55,3285,319,9280,405,165,31,47900,220,295,81,1090,253,1005,347,25,30,680,319,5090,154,445,102.4,4375,407.15,10310,534.17,52535,334,49245,317,120,52,2540,252,7085,258,85,27,37730,204,215,68,605,192,550,241,25,30,285,141,3290,146,360,90.71,3145,316.81,7660,354.32,70590,0,65250,0,125,55,4075,258,9320,404,180,32,48425,31,295,81,1115,258,1005,347,25,30,685,319,5340,0,445,102.4,5190,364.87,10350,533.41,54110,22,50580,19,120,52,3330,189,7120,256,100,24,38225,31,215,68,605,192,550,241,25,30,290,142,3530,0,360,90.71,3935,269.42,7695,352.87
51510,"Alexandria city, Virginia",Virginia,Alexandria city,51,510,136840,1245,117450,978,245,106,6610,457,27925,935,15,24,77205,487,520,106,1730,288,2260,610,240,122,705,235,19385,864,1005,193.28,8340,540.18,30425,1123.04,110405,1111,97850,870,245,106,5890,436,22105,832,15,24,65790,457,450,121,1080,214,1430,419,240,122,610,227,12555,754,935,201.89,6970,485.69,23775,939.5,156790,0,128250,0,245,106,9260,392,32665,747,45,38,79740,31,520,106,2495,401,2320,625,240,122,720,235,28540,0,1005,193.28,11755,560.77,35225,981.59,128075,47,107345,46,245,106,8235,279,26255,562,45,38,68165,31,450,121,1600,284,1490,438,240,122,625,225,20730,0,935,201.89,9835,398.12,27985,722.89
51520,"Bristol city, Virginia",Virginia,Bristol city,51,520,16990,32,16560,8,0,21,55,52,1135,327,15,24,14855,21,125,113,90,111,280,200,0,21,10,14,425,34,125,116.84,145,122.58,1415,383.89,13560,94,13240,11,0,21,55,52,890,195,15,24,12050,21,125,113,90,111,10,15,0,21,10,14,320,95,125,116.84,145,122.58,900,196.7,17025,0,16565,0,0,21,55,52,1135,328,15,24,14855,21,125,113,90,111,280,200,0,21,10,16,460,0,125,116.84,145,122.58,1415,384.74,13590,96,13240,0,0,21,55,52,890,195,15,24,12050,21,125,113,90,111,10,15,0,21,10,14,350,96,125,116.84,145,122.58,900,196.7
51530,"Buena Vista city, Virginia",Virginia,Buena Vista city,51,530,6610,19,6550,78,10,23,35,50,105,94,10,13,5750,19,525,170,45,62,50,53,0,19,15,30,65,76,535,172.6,80,79.65,155,109.57,5190,90,5155,80,10,23,35,50,105,94,10,13,4565,19,360,128,45,62,4,12,0,19,15,30,35,60,370,131.43,80,79.65,109,96.65,6610,0,6550,78,10,23,35,50,105,94,10,13,5750,19,525,170,45,62,50,53,0,19,15,30,65,76,535,172.6,80,79.65,155,109.57,5190,90,5155,80,10,23,35,50,105,94,10,13,4565,19,360,128,45,62,4,12,0,19,15,30,35,60,370,131.43,80,79.65,109,96.65
51540,"Charlottesville city, Virginia",Virginia,Charlottesville city,51,540,43165,527,40715,413,35,27,2245,262,7530,324,0,28,29365,281,175,28,615,201,690,322,4,14,55,59,2450,244,214,41.34,2860,330.22,8224,457.01,36000,451,34475,330,35,27,2010,230,5865,219,0,28,25535,206,150,35,445,171,375,181,4,14,55,59,1525,241,189,46.37,2455,286.6,6244,284.46,45865,0,42760,0,35,27,3200,214,7735,310,0,28,30165,28,175,28,680,216,710,323,4,14,55,59,3105,0,214,41.34,3880,304.06,8449,447.91,38445,24,36270,24,35,27,2845,176,6050,181,0,28,26245,28,150,35,490,176,400,186,4,14,55,59,2175,0,189,46.37,3335,248.9,6454,259.91
51550,"Chesapeake city, Virginia",Virginia,Chesapeake city,51,550,245270,1196,228935,943,275,105,7980,590,70820,1438,110,105,138570,260,1250,120,2780,487,4955,989,550,303,1650,463,16335,592,2075,342.39,10760,765.03,76325,1771.38,184870,1001,174925,749,225,91,6140,408,55450,819,90,88,107740,256,1005,99,1355,337,1715,465,330,173,870,261,9950,545,1560,219.11,7495,529.18,57495,957.56,251155,0,232555,0,290,118,9440,502,72195,1125,110,105,139285,31,1250,120,2785,487,4955,989,550,303,1700,479,18600,0,2090,346.6,12225,699.41,77700,1528.25,190055,99,178005,99,245,100,7490,364,56405,517,90,88,108445,31,1005,99,1355,339,1715,465,330,173,925,262,12050,0,1580,223.0,8845,497.41,58450,716.55
51570,"Colonial Heights city, Virginia",Virginia,Colonial Heights city,51,570,17640,222,16380,189,50,42,405,94,3100,264,0,21,12245,64,90,39,135,73,320,245,0,21,25,32,1260,106,140,61.04,540,119.02,3420,360.78,13345,179,12605,156,50,42,255,67,1945,217,0,21,9885,65,45,28,125,67,270,200,0,21,25,32,740,86,95,54.67,380,94.75,2215,295.85,18210,0,16820,0,50,42,625,79,3235,249,0,21,12330,21,90,39,135,73,320,245,0,21,30,32,1390,0,140,61.04,760,107.56,3555,349.95,13815,31,12960,33,50,42,440,73,2035,203,0,21,9965,21,45,28,125,67,270,200,0,21,25,32,850,0,95,54.67,565,99.09,2305,285.74
51580,"Covington city, Virginia",Virginia,Covington city,51,580,5545,53,5450,32,0,19,30,25,700,119,0,19,4520,19,35,35,0,19,160,113,0,19,10,20,95,41,35,44.12,30,31.4,860,165.2,4280,57,4220,27,0,19,25,19,590,66,0,19,3485,19,35,35,0,19,75,57,0,19,10,20,60,53,35,44.12,25,26.87,665,89.25,5670,0,5485,0,0,19,65,21,700,119,0,19,4520,19,35,35,0,19,160,113,0,19,10,20,185,0,35,44.12,65,28.32,860,165.2,4380,46,4255,12,0,19,65,24,590,66,0,19,3485,19,35,35,0,19,75,57,0,19,10,20,125,42,35,44.12,65,30.61,665,89.25
51590,"Danville city, Virginia",Virginia,Danville city,51,590,40985,289,39735,180,30,29,360,149,21230,398,4,6,16770,48,160,28,30,44,795,365,220,168,140,110,1255,254,410,172.77,390,155.36,22245,565.56,31715,220,31195,181,30,29,235,151,15895,239,4,6,14225,48,135,26,25,40,405,206,160,104,85,67,520,161,325,111.05,260,156.21,16460,332.22,42240,0,40035,0,30,29,595,61,21255,398,4,6,16810,28,160,28,30,44,795,365,220,168,140,110,2205,0,410,172.77,625,75.21,22270,565.56,32800,20,31495,20,30,29,470,57,15920,237,4,6,14265,28,135,26,25,40,405,206,160,104,85,67,1305,0,325,111.05,495,69.63,16485,330.79
51595,"Emporia city, Virginia",Virginia,Emporia city,51,595,5475,107,5135,214,0,19,10,19,3625,387,0,19,1140,230,4,22,4,5,310,185,45,87,0,19,340,156,49,91.73,14,19.65,3980,437.68,3955,227,3830,226,0,19,10,19,2700,251,0,19,1075,230,4,22,4,5,10,23,20,42,0,19,125,96,24,51.08,14,19.65,2730,255.53,5635,0,5160,210,0,19,35,59,3625,387,0,19,1140,230,4,22,4,5,310,185,45,87,0,19,475,212,49,91.73,39,59.21,3980,437.68,4110,179,3850,227,0,19,35,59,2700,251,0,19,1075,230,4,22,4,5,10,23,20,42,0,19,260,124,24,51.08,39,59.21,2730,255.53
51600,"Fairfax city, Virginia",Virginia,Fairfax city,51,600,20950,630,18240,393,20,26,3610,242,1445,150,0,25,12255,283,140,26,555,237,105,81,0,25,105,89,2710,507,160,44.46,4165,338.72,1550,172.3,15595,456,13830,354,20,26,2600,177,1015,125,0,25,9650,263,120,32,295,128,70,64,0,25,55,47,1765,294,140,48.22,2895,218.43,1085,142.64,24480,0,19995,0,20,26,4530,254,1565,95,0,25,12935,25,140,26,570,242,125,92,0,25,110,87,4485,0,160,44.46,5100,350.83,1690,134.59,18595,23,15470,24,20,26,3460,141,1110,84,0,25,10290,25,120,32,310,133,95,82,0,25,60,45,3125,0,140,48.22,3770,193.83,1205,120.02
51610,"Falls Church city, Virginia",Virginia,Falls Church city,51,610,13885,233,12445,209,0,21,1140,163,680,90,0,21,10025,139,45,54,390,134,90,65,0,21,75,80,1440,83,45,61.63,1530,211.01,770,112.99,10460,199,9430,178,0,21,970,134,540,69,0,21,7650,134,25,29,140,64,55,55,0,21,50,63,1030,68,25,41.51,1110,148.5,595,90.7,14595,0,13040,0,0,21,1370,158,720,65,0,21,10335,21,45,54,400,131,90,65,0,21,75,80,1555,0,45,61.63,1770,205.24,810,94.29,11065,0,9945,0,0,21,1150,101,560,55,0,21,7950,21,25,29,150,67,55,55,0,21,50,63,1120,0,25,41.51,1300,121.2,615,80.57
51620,"Franklin city, Virginia",Virginia,Franklin city,51,620,8150,54,7935,195,0,19,190,175,4245,307,0,19,3100,35,160,128,0,19,65,55,150,201,25,32,215,161,310,239.05,190,176.03,4460,371.05,5970,53,5845,131,0,19,130,115,2945,198,0,19,2490,33,160,128,0,19,30,35,65,87,25,32,125,106,225,155.93,130,116.56,3040,219.08,8210,0,7955,195,0,19,190,175,4245,307,0,19,3120,19,160,128,0,19,65,55,150,201,25,32,260,195,310,239.05,190,176.03,4460,371.05,6030,0,5865,128,0,19,130,115,2945,198,0,19,2510,19,160,128,0,19,30,35,65,87,25,32,165,128,225,155.93,130,116.56,3040,219.08
51630,"Fredericksburg city, Virginia",Virginia,Fredericksburg city,51,630,26130,573,23565,462,30,34,735,237,5610,504,0,25,15230,465,155,34,205,118,860,362,0,25,745,367,2565,277,185,54.19,940,264.75,6470,621.04,20755,326,19260,251,30,34,485,200,4135,336,0,25,13330,199,130,38,170,93,380,196,0,25,610,307,1490,218,160,56.79,655,220.57,4515,389.79,28385,0,24875,0,30,34,1055,116,5740,516,0,25,16085,25,155,34,205,118,860,362,0,25,745,367,3510,0,185,54.19,1260,165.47,6600,630.81,22375,29,20085,27,30,34,750,92,4265,337,0,25,13755,25,130,38,170,93,380,196,0,25,610,307,2290,0,160,56.79,920,130.82,4645,390.65
51640,"Galax city, Virginia",Virginia,Galax city,51,640,6485,103,5640,214,30,31,10,19,350,157,20,41,5085,243,25,29,30,42,80,103,4,21,4,4,845,201,59,47.36,40,46.1,434,188.94,4855,214,4475,223,30,31,10,19,295,119,0,19,4075,219,25,29,30,42,0,19,4,21,4,4,375,139,59,47.36,40,46.1,299,122.32,6700,0,5640,214,30,31,10,19,350,157,20,41,5085,243,25,29,30,42,80,103,4,21,4,4,1055,215,59,47.36,40,46.1,434,188.94,5065,192,4475,223,30,31,10,19,295,119,0,19,4075,219,25,29,30,42,0,19,4,21,4,4,590,163,59,47.36,40,46.1,299,122.32
51650,"Hampton city, Virginia",Virginia,Hampton city,51,650,135760,337,127115,272,300,107,2500,261,66365,1028,80,61,49635,120,560,112,1455,315,3665,825,1145,480,1405,400,8645,191,2005,504.37,3955,409.08,71175,1402.79,106220,336,100510,271,265,87,2185,183,52360,676,75,62,41195,119,440,90,740,213,1655,520,725,271,870,282,5715,187,1430,298.51,2925,280.82,54740,894.88,137335,0,128250,0,305,108,3035,317,66675,1028,80,61,49890,31,560,112,1455,315,3675,823,1145,480,1430,404,9085,0,2010,504.59,4490,446.89,71495,1401.61,107750,25,101605,25,265,87,2705,214,52645,669,75,62,41450,31,440,90,740,213,1665,518,725,271,895,284,6145,0,1430,298.51,3445,301.94,55035,888.44
51660,"Harrisonburg city, Virginia",Virginia,Harrisonburg city,51,660,45915,900,38140,401,10,18,1285,236,3040,386,0,31,31605,240,225,21,850,236,925,263,80,78,125,84,7775,808,315,82.76,2135,333.75,4045,473.55,37810,799,33350,271,10,18,1115,195,2560,283,0,31,28130,166,220,22,615,185,525,179,45,40,125,84,4460,747,275,49.07,1730,268.79,3130,337.24,51490,0,39600,0,10,18,1655,251,3620,290,0,31,32010,31,225,21,955,249,925,263,80,78,125,84,11890,0,315,82.76,2610,353.56,4625,399.19,42690,9,34520,9,10,18,1485,196,2955,207,0,31,28460,31,220,22,695,197,525,179,45,40,125,84,8170,0,275,49.07,2180,277.89,3525,276.57
51670,"Hopewell city, Virginia",Virginia,Hopewell city,51,670,22580,206,20680,193,4,3,220,103,9405,486,0,25,9535,168,185,8,205,104,940,442,35,48,145,159,1900,83,224,48.75,425,146.37,10380,658.68,16720,203,15495,191,4,3,220,103,6815,224,0,25,7770,167,185,8,70,57,305,188,35,48,85,74,1225,83,224,48.75,290,117.72,7155,296.35,22945,0,20975,0,4,3,260,105,9445,472,0,25,9750,25,185,8,205,104,940,442,35,48,145,159,1970,0,224,48.75,465,147.79,10420,648.42,17085,66,15790,66,4,3,260,105,6855,202,0,25,7985,25,185,8,70,57,305,188,35,48,85,74,1295,0,224,48.75,330,119.47,7195,280.09
51678,"Lexington city, Virginia",Virginia,Lexington city,51,678,7210,128,6880,209,35,35,95,82,370,167,0,19,5945,302,205,145,130,87,60,55,4,8,40,60,325,170,244,149.38,225,119.55,434,176.01,6680,203,6390,254,35,35,95,82,370,167,0,19,5470,243,185,133,130,87,60,55,4,8,40,60,295,162,224,137.76,225,119.55,434,176.01,7420,0,7060,191,35,35,240,89,375,167,0,19,5970,295,205,145,130,87,60,55,4,8,40,60,360,191,244,149.38,370,124.46,439,176.01,6895,164,6565,240,35,35,240,89,375,167,0,19,5495,237,185,133,130,87,60,55,4,8,40,60,330,186,224,137.76,370,124.46,439,176.01
51680,"Lynchburg city, Virginia",Virginia,Lynchburg city,51,680,77095,418,73555,381,90,45,985,197,21370,458,15,29,48620,146,280,45,750,244,880,285,105,72,460,230,3540,170,475,96.09,1735,313.6,22355,544.22,61845,413,59445,379,85,44,795,151,15670,401,15,29,41265,140,250,48,425,166,475,202,75,67,385,209,2405,169,410,93.43,1220,224.4,16220,453.98,79255,0,75335,0,90,45,1735,226,21845,417,110,127,49080,31,280,45,750,244,880,285,105,72,460,230,3920,0,475,96.09,2485,332.58,22830,510.19,63950,26,61165,27,85,44,1530,158,16130,336,110,127,41700,31,250,48,425,166,475,202,75,67,385,209,2785,0,410,93.43,1955,229.17,16680,397.73
51683,"Manassas city, Virginia",Virginia,Manassas city,51,683,35060,868,23315,311,50,47,2000,211,5140,310,15,24,14740,147,130,50,420,204,420,201,95,138,300,235,11745,800,275,154.12,2420,293.49,5655,394.39,24600,601,18415,275,50,47,1660,158,3865,236,15,24,12015,149,115,51,230,116,185,122,55,84,225,228,6180,542,220,108.93,1890,196.01,4105,278.63,42675,0,24320,0,50,47,2425,238,5385,335,15,24,15025,28,130,50,420,204,470,210,95,138,300,235,18355,0,275,154.12,2845,313.46,5950,418.77,31145,16,19355,16,50,47,2050,118,4075,260,15,24,12305,28,115,51,230,116,230,141,55,84,225,228,11790,0,220,108.93,2280,165.47,4360,307.47
51685,"Manassas Park city, Virginia",Virginia,Manassas Park city,51,685,13970,513,8760,174,0,21,1555,144,1810,304,0,21,4560,82,0,21,90,82,720,300,0,21,25,47,5210,503,0,36.37,1645,165.71,2530,427.62,10240,453,7110,162,0,21,1275,123,1720,253,0,21,3775,82,0,21,60,58,280,245,0,21,0,21,3135,434,0,36.37,1335,135.99,2000,352.81,16925,0,9150,0,0,21,1785,96,1850,297,0,21,4660,21,0,21,115,97,720,300,0,21,25,47,7770,0,0,36.37,1900,136.47,2570,422.67,12825,0,7485,0,0,21,1505,63,1755,246,0,21,3870,21,0,21,70,64,280,245,0,21,0,21,5340,0,0,36.37,1575,89.81,2035,347.82
51690,"Martinsville city, Virginia",Virginia,Martinsville city,51,690,13010,301,12110,294,0,21,40,56,5800,342,15,25,5765,20,45,50,4,10,345,182,25,41,75,80,900,93,70,67.99,44,56.89,6170,389.58,9625,219,9190,174,0,21,40,56,4290,207,15,25,4580,19,20,27,4,10,185,124,25,41,35,54,435,165,45,53.39,44,56.89,4500,244.76,13585,0,12495,0,0,21,155,14,6055,208,15,25,5775,21,45,50,4,10,345,182,25,41,75,80,1090,0,70,67.99,159,17.2,6425,279.41,10010,104,9385,40,0,21,85,36,4420,133,15,25,4595,21,20,27,4,10,185,124,25,41,35,54,625,99,45,53.39,89,37.36,4630,186.4
51700,"Newport News city, Virginia",Virginia,Newport News city,51,700,178160,908,162055,556,370,147,4870,414,75175,868,155,102,73970,390,690,146,1475,287,3370,749,415,173,1565,410,16105,690,1475,269.91,6345,503.75,78960,1159.46,135845,822,126060,455,340,122,3985,324,54850,661,115,75,62105,283,540,120,945,228,1940,491,290,117,960,280,9785,639,1170,207.3,4930,396.18,57080,831.68,184775,0,165300,0,370,147,6140,297,75715,839,155,102,75170,31,690,146,1560,290,3370,749,415,173,1715,439,19475,0,1475,269.91,7700,415.1,79500,1137.92,141720,0,128775,0,340,122,5015,225,55300,607,115,75,63105,31,540,120,1025,227,1940,491,290,117,1105,312,12945,0,1170,207.3,6040,319.62,57530,789.44
51710,"Norfolk city, Virginia",Virginia,Norfolk city,51,710,226720,852,207055,621,610,174,6435,413,91650,956,150,66,97490,316,990,164,2190,305,5160,853,475,176,1905,379,19665,606,2075,296.9,8625,513.41,97285,1293.26,179255,764,165820,542,485,154,5495,330,70630,617,105,73,82830,293,860,141,1240,208,2370,468,410,151,1395,306,13430,524,1755,257.68,6735,390.08,73410,789.0,235035,0,211840,0,610,174,8565,321,92635,970,245,130,98885,31,1000,167,2210,305,5230,864,475,176,1995,400,23195,0,2085,298.56,10775,442.79,98340,1310.87,186945,55,170330,56,485,154,7535,218,71585,593,200,88,84145,31,870,147,1260,206,2440,473,410,151,1405,310,16620,0,1765,261.01,8795,299.93,74435,773.42
51720,"Norton city, Virginia",Virginia,Norton city,51,720,3620,13,3620,13,0,13,4,7,50,43,0,13,3455,107,70,77,0,13,30,36,10,19,10,16,0,13,80,80.37,4,14.76,90,59.21,2935,135,2935,135,0,13,4,7,50,43,0,13,2840,145,4,15,0,13,25,32,10,19,10,16,0,13,14,27.48,4,14.76,85,56.87,3620,0,3620,13,0,13,4,7,50,43,0,13,3455,107,70,77,0,13,30,36,10,19,10,16,0,13,80,80.37,4,14.76,90,59.21,2935,135,2935,135,0,13,4,7,50,43,0,13,2840,145,4,15,0,13,25,32,10,19,10,16,0,13,14,27.48,4,14.76,85,56.87
51730,"Petersburg city, Virginia",Virginia,Petersburg city,51,730,32715,273,31185,101,15,26,365,73,24980,303,15,19,4845,43,15,23,35,61,640,256,70,61,205,167,1530,255,100,70.19,400,95.13,25690,401.33,25195,215,24285,111,15,26,345,89,19200,283,15,19,3930,44,15,23,35,61,490,235,45,40,190,162,910,178,75,52.96,380,107.9,19735,370.02,33365,0,31350,0,15,26,410,65,25045,291,20,29,4895,28,15,23,35,61,640,256,70,61,205,167,2015,0,100,70.19,445,89.14,25755,392.35,25705,40,24450,39,15,26,395,75,19265,272,20,29,3980,28,15,23,35,61,490,235,45,40,190,162,1255,0,75,52.96,430,96.67,19800,361.68
51735,"Poquoson city, Virginia",Virginia,Poquoson city,51,735,12430,106,11950,99,15,24,200,95,220,73,0,21,11165,96,85,23,200,91,25,39,25,44,15,33,475,26,125,55.15,400,131.55,270,93.73,9580,134,9275,104,15,24,165,69,165,78,0,21,8690,65,70,24,110,63,15,33,25,44,15,33,305,96,110,55.57,275,93.43,205,95.44,12555,0,12065,0,15,24,225,90,220,73,0,21,11255,21,85,23,200,91,25,39,25,44,15,33,490,0,125,55.15,425,127.99,270,93.73,9685,112,9365,73,15,24,190,62,165,78,0,21,8755,21,70,24,110,63,15,33,25,44,15,33,320,95,110,55.57,300,88.39,205,95.44
51740,"Portsmouth city, Virginia",Virginia,Portsmouth city,51,740,95965,312,91675,233,140,88,1180,207,50190,837,25,26,35220,93,555,87,480,205,2000,560,915,519,975,431,4290,219,1610,533.55,1660,291.33,53105,1132.93,73690,247,70820,184,120,77,995,147,37820,486,25,26,29345,93,385,74,220,127,870,315,480,283,560,242,2870,172,985,302.48,1215,194.26,39170,644.6,97300,0,92355,0,140,88,1405,209,50400,811,25,26,35410,31,555,87,480,205,2000,560,915,519,1030,447,4940,0,1610,533.55,1885,292.76,53315,1113.86,74735,28,71415,28,120,77,1200,151,37965,461,25,26,29535,31,385,74,220,127,870,315,480,283,615,254,3320,0,985,302.48,1420,197.31,39315,625.97
51750,"Radford city, Virginia",Virginia,Radford city,51,750,16360,110,15650,109,10,21,275,80,1510,143,0,21,13470,56,160,123,85,55,140,76,0,21,4,6,705,7,170,126.53,360,97.08,1650,163.3,14320,140,13730,119,10,21,235,79,1215,139,0,21,11925,54,160,123,60,51,120,74,0,21,0,21,590,66,170,126.53,295,94.03,1335,158.86,16505,0,15800,0,10,21,365,54,1540,148,0,21,13495,21,160,123,85,55,140,76,0,21,4,6,705,0,170,126.53,450,77.08,1680,167.69,14465,96,13880,65,10,21,330,65,1245,141,0,21,11950,21,160,123,60,51,120,74,0,21,0,21,590,66,170,126.53,390,82.62,1365,160.62
51760,"Richmond city, Virginia",Virginia,Richmond city,51,760,213995,1181,200450,628,345,109,3510,304,94450,950,110,29,93825,321,620,110,1680,265,3760,584,1080,540,1075,357,13550,981,2045,561.77,5190,403.29,99290,1239.01,176010,1013,168450,527,290,85,3400,289,73975,823,95,37,84520,304,560,97,1055,214,2805,541,835,448,920,276,7560,851,1685,466.2,4455,359.61,77615,1082.0,227595,0,204155,0,345,109,4780,256,95405,851,110,29,95200,31,620,110,1710,264,3820,587,1080,540,1090,361,23440,0,2045,561.77,6490,367.74,100305,1166.35,187530,49,171845,47,290,85,4545,206,74790,761,95,37,85860,31,560,97,1085,210,2860,544,835,448,930,277,15685,0,1685,466.2,5630,294.17,78485,1037.19
51770,"Roanoke city, Virginia",Virginia,Roanoke city,51,770,93935,647,88505,395,95,46,2120,285,27760,582,95,102,55370,132,385,44,540,203,1740,542,80,55,325,174,5430,511,560,84.12,2660,349.91,29580,797.19,72095,534,69580,332,95,46,1690,225,20210,366,95,102,46070,132,300,46,230,109,610,277,60,42,225,134,2515,388,455,77.43,1920,250.01,20880,460.92,98675,0,90220,0,95,46,3060,224,28200,558,95,102,55625,31,385,44,565,212,1770,540,90,59,340,185,8460,0,570,86.79,3625,308.42,30060,778.75,76345,0,71120,0,95,46,2505,127,20605,316,95,102,46330,31,300,46,245,114,635,278,70,48,240,142,5225,0,465,80.85,2750,170.66,21310,423.61
51775,"Salem city, Virginia",Virginia,Salem city,51,775,24825,205,23935,147,40,36,245,85,1990,228,25,37,21080,112,100,37,70,61,305,189,4,6,75,91,890,114,144,51.97,315,104.62,2299,296.21,20040,206,19550,147,40,36,245,85,1385,172,25,37,17465,112,75,34,70,61,195,159,4,6,45,46,490,116,119,49.88,315,104.62,1584,234.31,25475,0,24340,0,40,36,495,61,2020,224,25,37,21190,25,100,37,70,61,320,194,4,6,75,91,1140,0,144,51.97,565,86.27,2344,296.39,20645,50,19920,50,40,36,465,75,1410,168,25,37,17580,25,75,34,70,61,210,166,4,6,45,46,725,0,119,49.88,535,96.67,1624,236.25
51790,"Staunton city, Virginia",Virginia,Staunton city,51,790,25150,183,24160,178,35,35,260,73,2440,262,70,80,20310,67,150,35,75,67,710,261,40,53,65,66,990,85,225,72.52,335,99.09,3190,373.6,20300,149,19650,134,30,29,240,68,2040,158,40,51,16790,67,125,38,35,30,290,114,40,53,20,28,650,85,195,71.37,275,74.32,2370,201.91,25765,0,24625,0,35,35,395,81,2640,269,70,80,20435,25,150,35,75,67,710,261,40,53,75,70,1140,0,225,72.52,470,105.12,3390,378.54,20830,50,20030,49,30,29,350,57,2175,140,40,51,16915,25,125,38,35,30,290,114,40,53,25,35,800,0,195,71.37,385,64.41,2505,188.16
51800,"Suffolk city, Virginia",Virginia,Suffolk city,51,800,95010,405,90780,331,75,42,1435,203,40165,657,0,31,45755,180,415,41,740,203,1280,467,330,332,585,306,4225,256,820,337.15,2175,287.09,41775,871.76,72280,379,69685,293,75,40,1125,133,30200,422,0,31,36300,181,320,39,340,127,675,276,280,325,370,191,2595,255,675,329.77,1465,183.9,31155,599.9,96640,0,91860,0,75,42,1905,225,40475,641,0,31,46030,31,415,41,740,203,1295,469,330,332,585,306,4780,0,820,337.15,2645,303.04,42100,860.85,73760,0,70610,0,75,40,1485,148,30475,419,0,31,36580,31,320,41,340,127,685,278,280,325,370,191,3150,0,675,330.01,1825,195.02,31440,598.72
51810,"Virginia Beach city, Virginia",Virginia,Virginia Beach city,51,810,442365,1503,404310,1358,495,123,26030,1044,83725,1349,395,140,270795,771,2035,125,7165,904,7880,962,850,290,4935,942,38055,571,3380,338.9,33195,1381.0,92455,1682.07,342895,1272,316890,1128,435,109,21115,838,64100,803,275,117,218610,723,1590,110,3940,532,3625,602,585,181,2615,498,26005,541,2610,238.21,25055,992.61,68310,1019.79,457065,0,416210,0,495,123,32425,951,84910,1329,440,140,274755,31,2035,125,7215,910,7970,971,850,290,5110,962,40855,0,3380,338.9,39640,1316.25,93730,1671.28,356060,0,327410,0,435,109,26710,592,65050,760,320,112,222270,31,1590,110,3980,537,3700,617,585,181,2775,507,28650,0,2610,238.21,30690,799.27,69335,995.51
51820,"Waynesboro city, Virginia",Virginia,Waynesboro city,51,820,22020,176,20380,90,10,17,320,89,2435,325,0,25,16525,25,145,17,80,115,800,320,35,51,30,43,1645,164,190,56.38,400,145.42,3270,458.94,16970,153,16020,70,0,25,320,89,1775,214,0,25,13245,25,125,21,80,115,405,202,35,51,30,43,950,141,160,60.56,400,145.42,2215,298.67,22575,0,20505,0,10,17,395,115,2480,328,0,25,16525,25,145,17,80,115,800,320,35,51,30,43,2070,0,190,56.38,475,162.63,3315,461.07,17485,24,16130,24,0,25,395,115,1805,220,0,25,13245,25,125,21,80,115,405,202,35,51,30,43,1355,0,160,60.56,475,162.63,2245,302.99
51830,"Williamsburg city, Virginia",Virginia,Williamsburg city,51,830,14785,223,13745,173,0,21,770,105,2305,144,0,21,10305,117,45,41,75,64,120,99,15,24,115,84,1040,144,60,51.94,845,122.97,2440,176.39,13255,174,12475,165,0,21,750,111,1870,124,0,21,9560,116,45,41,70,61,80,67,15,24,90,60,780,68,60,51.94,820,126.66,1965,142.97,15565,0,14315,0,0,21,1050,68,2360,127,0,21,10535,21,45,41,75,64,120,99,15,24,115,84,1245,0,60,51.94,1125,93.38,2495,162.81,13935,44,13030,44,0,21,1030,82,1910,109,0,21,9790,21,45,41,70,61,80,67,15,24,90,60,910,0,60,51.94,1100,102.2,2005,130.18
51840,"Winchester city, Virginia",Virginia,Winchester city,51,840,25430,584,21895,171,35,45,545,152,2300,279,0,25,17785,82,105,45,160,94,890,266,40,60,25,45,3535,576,180,87.46,705,178.72,3230,390.12,19565,489,17925,125,25,33,470,101,1930,179,0,25,14865,81,105,44,135,89,335,159,40,60,25,45,1640,481,170,81.39,605,134.62,2305,246.82,27980,0,22370,0,35,45,645,94,2545,287,0,25,17915,25,105,45,160,94,890,266,40,60,25,45,5610,0,180,87.46,805,132.94,3475,395.89,21705,14,18315,15,25,33,510,88,2150,178,0,25,14990,25,105,44,135,89,335,159,40,60,25,45,3390,0,170,81.39,645,125.16,2525,246.1
